transaction_id,cart_id,timestamp,cooler_id,product_id,quantity,type,unit_price,revenue
TXN-000012,CART-F61B1C65,2026-06-01T08:09:28,CLR-1029,P5,1,SALE,2.0,2.0
TXN-000015,CART-FBD8D509,2026-06-01T08:34:29,CLR-1029,P6,1,SALE,4.5,4.5
TXN-000021,CART-750D46F6,2026-06-01T09:09:49,CLR-1029,P6,1,ZERO,4.5,0.0
TXN-000011,CART-630904E5,2026-06-01T09:22:59,CLR-1029,P5,1,SALE,2.0,2.0
TXN-000025,CART-057B6198,2026-06-01T10:16:38,CLR-1029,P8,1,SALE,2.8,2.8
TXN-000026,CART-7AFF01FA,2026-06-01T10:48:53,CLR-1029,P8,1,SALE,2.8,2.8
TXN-000006,CART-62A41837,2026-06-01T11:25:27,CLR-1029,P2,1,SALE,3.2,3.2
TXN-000010,CART-788E27B9,2026-06-01T11:57:39,CLR-1029,P3,1,SALE,2.5,2.5
TXN-000022,CART-C984FED3,2026-06-01T12:27:26,CLR-1029,P6,1,ZERO,4.5,0.0
TXN-000019,CART-1E492937,2026-06-01T12:59:08,CLR-1029,P6,1,ZERO,4.5,0.0
TXN-000020,CART-365D718E,2026-06-01T13:44:31,CLR-1029,P6,1,SALE,4.5,4.5
TXN-000002,CART-2459DDB8,2026-06-01T14:18:54,CLR-1029,P2,1,SALE,3.2,3.2
TXN-000003,CART-AD7567D6,2026-06-01T14:21:56,CLR-1029,P2,1,SALE,3.2,3.2
TXN-000008,CART-3B8E796A,2026-06-01T14:36:20,CLR-1029,P2,1,SALE,3.2,3.2
TXN-000009,CART-28D90E22,2026-06-01T15:00:54,CLR-1029,P3,1,SALE,2.5,2.5
TXN-000023,CART-22F06A90,2026-06-01T15:25:14,CLR-1029,P7,1,SALE,6.0,6.0
TXN-000005,CART-26253E30,2026-06-01T16:34:01,CLR-1029,P2,1,SALE,3.2,3.2
TXN-000024,CART-38A5C31F,2026-06-01T16:46:48,CLR-1029,P8,1,ZERO,2.8,0.0
TXN-000013,CART-E61F056A,2026-06-01T18:33:43,CLR-1029,P5,1,SALE,2.0,2.0
TXN-000017,CART-D4AC6000,2026-06-01T19:33:02,CLR-1029,P6,1,ZERO,4.5,0.0
TXN-000004,CART-9FFB63A5,2026-06-01T19:49:02,CLR-1029,P2,1,SALE,3.2,3.2
TXN-000014,CART-18AFF5B1,2026-06-01T19:58:04,CLR-1029,P6,1,ZERO,4.5,0.0
TXN-000001,CART-F0AA0962,2026-06-01T20:18:38,CLR-1029,P1,1,SALE,3.2,3.2
TXN-000016,CART-03542B3C,2026-06-01T20:27:07,CLR-1029,P6,1,ZERO,4.5,0.0
TXN-000018,CART-9A9FA66B,2026-06-01T20:36:58,CLR-1029,P6,1,ZERO,4.5,0.0
TXN-000007,CART-D2C8709A,2026-06-01T20:48:19,CLR-1029,P2,1,SALE,3.2,3.2
TXN-000030,CART-3F09B14F,2026-06-02T08:09:22,CLR-1029,P2,1,SALE,3.2,3.2
TXN-000038,CART-D2A3F290,2026-06-02T08:16:32,CLR-1029,P2,1,SALE,3.2,3.2
TXN-000043,CART-2F782E06,2026-06-02T08:41:48,CLR-1029,P6,1,SALE,4.5,4.5
TXN-000053,CART-D6802F89,2026-06-02T08:51:43,CLR-1029,P8,1,SALE,2.8,2.8
TXN-000048,CART-30602760,2026-06-02T09:06:18,CLR-1029,P6,1,ZERO,4.5,0.0
TXN-000037,CART-FAA4D828,2026-06-02T09:36:01,CLR-1029,P2,1,SALE,3.2,3.2
TXN-000046,CART-8F74BF91,2026-06-02T09:44:35,CLR-1029,P6,1,ZERO,4.5,0.0
TXN-000051,CART-5AA8CD7A,2026-06-02T10:22:06,CLR-1029,P8,1,SALE,2.8,2.8
TXN-000027,CART-AD4ADE2D,2026-06-02T10:26:14,CLR-1029,P1,1,ZERO,3.2,0.0
TXN-000033,CART-47270302,2026-06-02T10:54:49,CLR-1029,P2,1,SALE,3.2,3.2
TXN-000045,CART-86A813E0,2026-06-02T12:23:10,CLR-1029,P6,1,SALE,4.5,4.5
TXN-000050,CART-D5A2BF04,2026-06-02T13:34:16,CLR-1029,P7,1,SALE,6.0,6.0
TXN-000044,CART-7F256CB5,2026-06-02T14:47:35,CLR-1029,P6,1,ZERO,4.5,0.0
TXN-000049,CART-7EBB73AF,2026-06-02T15:09:42,CLR-1029,P6,1,ZERO,4.5,0.0
TXN-000035,CART-DEFA8C60,2026-06-02T15:22:37,CLR-1029,P2,1,SALE,3.2,3.2
TXN-000040,CART-5E500D3F,2026-06-02T15:39:00,CLR-1029,P3,1,SALE,2.5,2.5
TXN-000052,CART-0D755947,2026-06-02T15:45:06,CLR-1029,P8,1,SALE,2.8,2.8
TXN-000031,CART-EABF1076,2026-06-02T15:59:34,CLR-1029,P2,1,SALE,3.2,3.2
TXN-000036,CART-9BB934B0,2026-06-02T16:44:49,CLR-1029,P2,1,SALE,3.2,3.2
TXN-000041,CART-A928BF2E,2026-06-02T17:32:57,CLR-1029,P3,1,ZERO,2.5,0.0
TXN-000047,CART-A9339829,2026-06-02T17:37:34,CLR-1029,P6,1,ZERO,4.5,0.0
TXN-000028,CART-D21AC92B,2026-06-02T17:40:41,CLR-1029,P2,1,SALE,3.2,3.2
TXN-000029,CART-A2064241,2026-06-02T17:59:00,CLR-1029,P2,1,SALE,3.2,3.2
TXN-000055,CART-B835FC53,2026-06-02T18:29:33,CLR-1029,P8,1,SALE,2.8,2.8
TXN-000039,CART-1537972F,2026-06-02T18:46:49,CLR-1029,P2,1,SALE,3.2,3.2
TXN-000042,CART-3D382238,2026-06-02T19:48:40,CLR-1029,P5,1,SALE,2.0,2.0
TXN-000054,CART-C9DA1F0C,2026-06-02T20:04:31,CLR-1029,P8,1,SALE,2.8,2.8
TXN-000034,CART-4920C4A6,2026-06-02T20:12:50,CLR-1029,P2,1,SALE,3.2,3.2
TXN-000032,CART-869CF012,2026-06-02T20:50:09,CLR-1029,P2,1,SALE,3.2,3.2
TXN-000063,CART-D818CAAE,2026-06-03T08:19:48,CLR-1029,P2,1,SALE,3.2,3.2
TXN-000079,CART-7DB6563A,2026-06-03T09:22:00,CLR-1029,P5,1,SALE,2.0,2.0
TXN-000088,CART-822AE31E,2026-06-03T09:49:25,CLR-1029,P6,1,ZERO,4.5,0.0
TXN-000082,CART-BD63428A,2026-06-03T09:53:42,CLR-1029,P5,1,SALE,2.0,2.0
TXN-000068,CART-F6224624,2026-06-03T10:21:23,CLR-1029,P2,1,SALE,3.2,3.2
TXN-000069,CART-A807ED27,2026-06-03T10:29:40,CLR-1029,P2,1,SALE,3.2,3.2
TXN-000064,CART-9D4F6F44,2026-06-03T10:40:26,CLR-1029,P2,1,SALE,3.2,3.2
TXN-000075,CART-A6FAA101,2026-06-03T10:44:17,CLR-1029,P3,1,SALE,2.5,2.5
TXN-000084,CART-10EBA767,2026-06-03T11:46:59,CLR-1029,P6,1,ZERO,4.5,0.0
TXN-000067,CART-AB4538C3,2026-06-03T12:12:42,CLR-1029,P2,1,SALE,3.2,3.2
TXN-000072,CART-32436B1A,2026-06-03T12:24:18,CLR-1029,P2,1,SALE,3.2,3.2
TXN-000081,CART-F1A4331D,2026-06-03T12:58:29,CLR-1029,P5,1,SALE,2.0,2.0
TXN-000059,CART-363C34EE,2026-06-03T13:28:39,CLR-1029,P1,1,SALE,3.2,3.2
TXN-000087,CART-508089B0,2026-06-03T13:35:48,CLR-1029,P6,1,ZERO,4.5,0.0
TXN-000062,CART-E47A662C,2026-06-03T13:42:00,CLR-1029,P2,1,SALE,3.2,3.2
TXN-000065,CART-D2199668,2026-06-03T14:06:19,CLR-1029,P2,1,SALE,3.2,3.2
TXN-000061,CART-2B777884,2026-06-03T15:19:43,CLR-1029,P2,1,SALE,3.2,3.2
TXN-000077,CART-C2A83093,2026-06-03T15:23:58,CLR-1029,P3,1,SALE,2.5,2.5
TXN-000057,CART-D5F28852,2026-06-03T16:03:27,CLR-1029,P1,1,SALE,3.2,3.2
TXN-000056,CART-956D83B5,2026-06-03T16:12:10,CLR-1029,P1,1,SALE,3.2,3.2
TXN-000085,CART-89FC720C,2026-06-03T16:39:28,CLR-1029,P6,1,SALE,4.5,4.5
TXN-000066,CART-12A66C0B,2026-06-03T17:06:50,CLR-1029,P2,1,SALE,3.2,3.2
TXN-000092,CART-7C701C36,2026-06-03T17:09:01,CLR-1029,P8,1,SALE,2.8,2.8
TXN-000086,CART-33943380,2026-06-03T17:44:32,CLR-1029,P6,1,ZERO,4.5,0.0
TXN-000060,CART-06F41CAD,2026-06-03T17:58:26,CLR-1029,P2,1,SALE,3.2,3.2
TXN-000070,CART-1AC35447,2026-06-03T18:08:20,CLR-1029,P2,1,SALE,3.2,3.2
TXN-000083,CART-7A634EB0,2026-06-03T18:30:12,CLR-1029,P6,1,ZERO,4.5,0.0
TXN-000076,CART-DA3BBDC0,2026-06-03T18:32:19,CLR-1029,P3,1,SALE,2.5,2.5
TXN-000090,CART-EF6B1AC1,2026-06-03T18:38:28,CLR-1029,P7,1,SALE,6.0,6.0
TXN-000091,CART-7F4B12C4,2026-06-03T18:58:53,CLR-1029,P7,1,SALE,6.0,6.0
TXN-000058,CART-51DFFB0B,2026-06-03T18:59:20,CLR-1029,P1,1,SALE,3.2,3.2
TXN-000078,CART-728C3A1C,2026-06-03T19:58:45,CLR-1029,P3,1,SALE,2.5,2.5
TXN-000071,CART-B3A4FE25,2026-06-03T20:04:59,CLR-1029,P2,1,SALE,3.2,3.2
TXN-000089,CART-3B97B7CC,2026-06-03T20:19:39,CLR-1029,P7,1,SALE,6.0,6.0
TXN-000073,CART-51590801,2026-06-03T20:41:10,CLR-1029,P2,1,SALE,3.2,3.2
TXN-000074,CART-3F440F2A,2026-06-03T20:50:32,CLR-1029,P3,1,SALE,2.5,2.5
TXN-000080,CART-C7A928D8,2026-06-03T20:56:28,CLR-1029,P5,1,ZERO,2.0,0.0
TXN-000116,CART-F251D645,2026-06-04T08:22:20,CLR-1029,P8,1,SALE,2.8,2.8
TXN-000097,CART-4F019379,2026-06-04T08:32:19,CLR-1029,P2,1,SALE,3.2,3.2
TXN-000105,CART-7F3C45D9,2026-06-04T08:43:44,CLR-1029,P2,1,SALE,3.2,3.2
TXN-000100,CART-F942CAD3,2026-06-04T09:14:58,CLR-1029,P2,1,SALE,3.2,3.2
TXN-000109,CART-C889C923,2026-06-04T10:13:39,CLR-1029,P5,1,SALE,2.0,2.0
TXN-000110,CART-E86EA7B0,2026-06-04T10:14:06,CLR-1029,P6,1,ZERO,4.5,0.0
TXN-000111,CART-ED4F1AED,2026-06-04T10:42:10,CLR-1029,P6,1,ZERO,4.5,0.0
TXN-000115,CART-76E0AA0B,2026-06-04T10:45:13,CLR-1029,P7,1,SALE,6.0,6.0
TXN-000108,CART-2E7AAF20,2026-06-04T11:46:01,CLR-1029,P5,1,SALE,2.0,2.0
TXN-000095,CART-7E420F51,2026-06-04T13:21:55,CLR-1029,P2,1,SALE,3.2,3.2
TXN-000106,CART-CEDFA062,2026-06-04T14:33:57,CLR-1029,P3,1,SALE,2.5,2.5
TXN-000117,CART-6A654FFC,2026-06-04T14:47:55,CLR-1029,P8,1,SALE,2.8,2.8
TXN-000093,CART-68B0A382,2026-06-04T15:10:48,CLR-1029,P1,1,SALE,3.2,3.2
TXN-000104,CART-70B1AA07,2026-06-04T15:53:42,CLR-1029,P2,1,SALE,3.2,3.2
TXN-000112,CART-930A9AE0,2026-06-04T16:08:31,CLR-1029,P6,1,ZERO,4.5,0.0
TXN-000094,CART-EB437D2A,2026-06-04T16:15:57,CLR-1029,P2,1,SALE,3.2,3.2
TXN-000101,CART-57D59675,2026-06-04T16:24:17,CLR-1029,P2,1,SALE,3.2,3.2
TXN-000099,CART-5026FB68,2026-06-04T16:30:15,CLR-1029,P2,1,SALE,3.2,3.2
TXN-000114,CART-FD6B8E5A,2026-06-04T18:22:48,CLR-1029,P6,1,ZERO,4.5,0.0
TXN-000103,CART-FBCD7DAC,2026-06-04T18:53:28,CLR-1029,P2,1,SALE,3.2,3.2
TXN-000098,CART-8EC77CEF,2026-06-04T18:58:03,CLR-1029,P2,1,SALE,3.2,3.2
TXN-000096,CART-56FB74BE,2026-06-04T19:07:29,CLR-1029,P2,1,SALE,3.2,3.2
TXN-000107,CART-F694B513,2026-06-04T19:08:58,CLR-1029,P3,1,SALE,2.5,2.5
TXN-000113,CART-AE945E62,2026-06-04T19:44:33,CLR-1029,P6,1,ZERO,4.5,0.0
TXN-000102,CART-4C09A1A4,2026-06-04T20:22:22,CLR-1029,P2,1,SALE,3.2,3.2
TXN-000144,CART-2BD184ED,2026-06-05T08:25:57,CLR-1029,P8,1,SALE,2.8,2.8
TXN-000118,CART-CC6114EA,2026-06-05T09:17:29,CLR-1029,P1,1,SALE,3.2,3.2
TXN-000133,CART-E3FCB6F5,2026-06-05T09:23:32,CLR-1029,P2,1,SALE,3.2,3.2
TXN-000132,CART-CA6D5A63,2026-06-05T10:07:12,CLR-1029,P2,1,SALE,3.2,3.2
TXN-000142,CART-647CD763,2026-06-05T10:20:15,CLR-1029,P6,1,ZERO,4.5,0.0
TXN-000124,CART-D5F2D161,2026-06-05T10:26:55,CLR-1029,P2,1,SALE,3.2,3.2
TXN-000131,CART-AC69D2D1,2026-06-05T10:50:57,CLR-1029,P2,1,SALE,3.2,3.2
TXN-000119,CART-7D265BB2,2026-06-05T11:26:19,CLR-1029,P1,1,SALE,3.2,3.2
TXN-000130,CART-792C8A7A,2026-06-05T11:48:59,CLR-1029,P2,1,SALE,3.2,3.2
TXN-000121,CART-0F7FA576,2026-06-05T11:58:25,CLR-1029,P2,1,SALE,3.2,3.2
TXN-000126,CART-06BE49B1,2026-06-05T13:14:44,CLR-1029,P2,1,SALE,3.2,3.2
TXN-000135,CART-80D4FF33,2026-06-05T13:28:23,CLR-1029,P3,1,SALE,2.5,2.5
TXN-000136,CART-419C3B0C,2026-06-05T14:09:09,CLR-1029,P5,1,SALE,2.0,2.0
TXN-000127,CART-A7EE1D78,2026-06-05T16:25:41,CLR-1029,P2,1,SALE,3.2,3.2
TXN-000141,CART-9F69F238,2026-06-05T16:45:21,CLR-1029,P6,1,ZERO,4.5,0.0
TXN-000134,CART-3801921A,2026-06-05T17:06:15,CLR-1029,P3,1,SALE,2.5,2.5
TXN-000129,CART-3456DCC0,2026-06-05T18:18:52,CLR-1029,P2,1,SALE,3.2,3.2
TXN-000120,CART-835C170C,2026-06-05T18:59:46,CLR-1029,P1,1,SALE,3.2,3.2
TXN-000143,CART-666209D7,2026-06-05T19:16:19,CLR-1029,P6,1,ZERO,4.5,0.0
TXN-000140,CART-A65ECED2,2026-06-05T19:24:49,CLR-1029,P6,1,ZERO,4.5,0.0
TXN-000139,CART-96150A4E,2026-06-05T19:36:40,CLR-1029,P6,1,ZERO,4.5,0.0
TXN-000123,CART-DE528411,2026-06-05T19:45:30,CLR-1029,P2,1,SALE,3.2,3.2
TXN-000122,CART-9AB68A78,2026-06-05T19:48:26,CLR-1029,P2,1,SALE,3.2,3.2
TXN-000138,CART-8B149A2B,2026-06-05T19:57:03,CLR-1029,P6,1,ZERO,4.5,0.0
TXN-000137,CART-E0CE93D3,2026-06-05T20:08:27,CLR-1029,P6,1,ZERO,4.5,0.0
TXN-000128,CART-6C791479,2026-06-05T20:37:38,CLR-1029,P2,1,SALE,3.2,3.2
TXN-000125,CART-D74FAAA5,2026-06-05T20:52:18,CLR-1029,P2,1,SALE,3.2,3.2
TXN-000154,CART-D166DBCF,2026-06-06T08:26:23,CLR-1029,P5,1,ZERO,2.0,0.0
TXN-000155,CART-BA33B417,2026-06-06T08:35:57,CLR-1029,P6,1,ZERO,4.5,0.0
TXN-000161,CART-CCE5C796,2026-06-06T09:43:04,CLR-1029,P6,1,ZERO,4.5,0.0
TXN-000149,CART-EA64E335,2026-06-06T11:41:57,CLR-1029,P2,1,SALE,3.2,3.2
TXN-000150,CART-4189968C,2026-06-06T13:29:46,CLR-1029,P2,1,SALE,3.2,3.2
TXN-000146,CART-A9FA736E,2026-06-06T14:12:45,CLR-1029,P2,1,SALE,3.2,3.2
TXN-000153,CART-75864F75,2026-06-06T14:38:01,CLR-1029,P2,1,SALE,3.2,3.2
TXN-000162,CART-8B188F80,2026-06-06T15:36:18,CLR-1029,P7,1,SALE,6.0,6.0
TXN-000147,CART-6F67398E,2026-06-06T15:41:13,CLR-1029,P2,1,SALE,3.2,3.2
TXN-000158,CART-934B83D6,2026-06-06T15:55:50,CLR-1029,P6,1,ZERO,4.5,0.0
TXN-000151,CART-0C2BDAC4,2026-06-06T15:57:03,CLR-1029,P2,1,SALE,3.2,3.2
TXN-000159,CART-B7CC40F9,2026-06-06T16:11:43,CLR-1029,P6,1,ZERO,4.5,0.0
TXN-000148,CART-A39CE27E,2026-06-06T18:41:03,CLR-1029,P2,1,SALE,3.2,3.2
TXN-000156,CART-BC8C2BA7,2026-06-06T19:03:57,CLR-1029,P6,1,ZERO,4.5,0.0
TXN-000160,CART-056FC261,2026-06-06T20:04:46,CLR-1029,P6,1,ZERO,4.5,0.0
TXN-000152,CART-32E4DA4F,2026-06-06T20:25:25,CLR-1029,P2,1,SALE,3.2,3.2
TXN-000157,CART-7CE0056B,2026-06-06T20:47:49,CLR-1029,P6,1,ZERO,4.5,0.0
TXN-000145,CART-65DC1DDD,2026-06-06T20:54:00,CLR-1029,P2,1,SALE,3.2,3.2
TXN-000181,CART-6B30D002,2026-06-07T08:01:52,CLR-1029,P3,1,SALE,2.5,2.5
TXN-000182,CART-8BD93E29,2026-06-07T08:49:25,CLR-1029,P3,1,SALE,2.5,2.5
TXN-000167,CART-10E9994E,2026-06-07T09:09:50,CLR-1029,P2,1,SALE,3.2,3.2
TXN-000184,CART-181469AF,2026-06-07T09:35:18,CLR-1029,P5,1,SALE,2.0,2.0
TXN-000183,CART-3823854D,2026-06-07T09:47:57,CLR-1029,P5,1,SALE,2.0,2.0
TXN-000173,CART-A5C3E7D4,2026-06-07T11:03:21,CLR-1029,P2,1,SALE,3.2,3.2
TXN-000186,CART-E4C76CC0,2026-06-07T11:33:01,CLR-1029,P6,1,ZERO,4.5,0.0
TXN-000192,CART-E242BBCE,2026-06-07T11:46:24,CLR-1029,P8,1,SALE,2.8,2.8
TXN-000191,CART-BF2FFF6F,2026-06-07T12:18:28,CLR-1029,P6,1,ZERO,4.5,0.0
TXN-000177,CART-41EE11A1,2026-06-07T12:44:27,CLR-1029,P2,1,SALE,3.2,3.2
TXN-000166,CART-D2E833FF,2026-06-07T13:19:57,CLR-1029,P2,1,SALE,3.2,3.2
TXN-000194,CART-B30FEA70,2026-06-07T13:22:17,CLR-1029,P8,1,SALE,2.8,2.8
TXN-000185,CART-7C091D81,2026-06-07T13:59:35,CLR-1029,P6,1,ZERO,4.5,0.0
TXN-000189,CART-D5873E2F,2026-06-07T14:06:33,CLR-1029,P6,1,SALE,4.5,4.5
TXN-000165,CART-9D3E3071,2026-06-07T14:54:38,CLR-1029,P1,1,SALE,3.2,3.2
TXN-000168,CART-76FA4473,2026-06-07T15:09:18,CLR-1029,P2,1,SALE,3.2,3.2
TXN-000169,CART-A3B8460A,2026-06-07T15:16:48,CLR-1029,P2,1,SALE,3.2,3.2
TXN-000180,CART-E36C2FC3,2026-06-07T16:11:07,CLR-1029,P3,1,SALE,2.5,2.5
TXN-000171,CART-C74FD186,2026-06-07T17:13:39,CLR-1029,P2,1,SALE,3.2,3.2
TXN-000188,CART-71AC4F3C,2026-06-07T17:16:13,CLR-1029,P6,1,ZERO,4.5,0.0
TXN-000178,CART-66157B7C,2026-06-07T17:36:59,CLR-1029,P2,1,SALE,3.2,3.2
TXN-000163,CART-65402659,2026-06-07T17:48:57,CLR-1029,P1,1,SALE,3.2,3.2
TXN-000174,CART-7899EDE7,2026-06-07T17:52:28,CLR-1029,P2,1,SALE,3.2,3.2
TXN-000179,CART-929580F8,2026-06-07T18:14:01,CLR-1029,P2,1,SALE,3.2,3.2
TXN-000176,CART-193BEAC5,2026-06-07T18:22:01,CLR-1029,P2,1,SALE,3.2,3.2
TXN-000164,CART-15B57AB2,2026-06-07T18:30:00,CLR-1029,P1,1,SALE,3.2,3.2
TXN-000190,CART-5C66A6B3,2026-06-07T19:19:47,CLR-1029,P6,1,ZERO,4.5,0.0
TXN-000170,CART-15997605,2026-06-07T20:21:24,CLR-1029,P2,1,SALE,3.2,3.2
TXN-000172,CART-27A7D520,2026-06-07T20:31:30,CLR-1029,P2,1,SALE,3.2,3.2
TXN-000175,CART-D04A768A,2026-06-07T20:39:30,CLR-1029,P2,1,SALE,3.2,3.2
TXN-000193,CART-02CBDCDA,2026-06-07T20:42:15,CLR-1029,P8,1,SALE,2.8,2.8
TXN-000187,CART-D0FC3752,2026-06-07T20:55:04,CLR-1029,P6,1,ZERO,4.5,0.0
TXN-000212,CART-63589293,2026-06-08T08:02:32,CLR-1029,P5,1,SALE,2.0,2.0
TXN-000197,CART-D55BD04E,2026-06-08T08:09:58,CLR-1029,P2,1,SALE,3.2,3.2
TXN-000214,CART-17E4AA5B,2026-06-08T08:55:46,CLR-1029,P6,1,ZERO,4.5,0.0
TXN-000211,CART-37172BC1,2026-06-08T09:12:12,CLR-1029,P3,1,SALE,2.5,2.5
TXN-000219,CART-E1433B9E,2026-06-08T09:56:59,CLR-1029,P7,1,SALE,6.0,6.0
TXN-000209,CART-75010C2F,2026-06-08T10:13:57,CLR-1029,P2,1,SALE,3.2,3.2
TXN-000204,CART-AB01EEB1,2026-06-08T10:40:19,CLR-1029,P2,1,SALE,3.2,3.2
TXN-000199,CART-43653511,2026-06-08T10:44:58,CLR-1029,P2,1,SALE,3.2,3.2
TXN-000201,CART-457922A9,2026-06-08T11:17:29,CLR-1029,P2,1,SALE,3.2,3.2
TXN-000200,CART-6E7D8685,2026-06-08T11:59:42,CLR-1029,P2,1,SALE,3.2,3.2
TXN-000207,CART-90DD5CA1,2026-06-08T12:18:04,CLR-1029,P2,1,SALE,3.2,3.2
TXN-000220,CART-D6CDCFCC,2026-06-08T12:33:49,CLR-1029,P8,1,SALE,2.8,2.8
TXN-000206,CART-77A2B522,2026-06-08T12:48:26,CLR-1029,P2,1,SALE,3.2,3.2
TXN-000203,CART-2803EF3E,2026-06-08T14:42:47,CLR-1029,P2,1,SALE,3.2,3.2
TXN-000208,CART-FE277A7C,2026-06-08T15:03:07,CLR-1029,P2,1,SALE,3.2,3.2
TXN-000218,CART-AEB9E400,2026-06-08T15:14:53,CLR-1029,P6,1,ZERO,4.5,0.0
TXN-000202,CART-58786BF4,2026-06-08T15:22:04,CLR-1029,P2,1,SALE,3.2,3.2
TXN-000198,CART-B99ADC8D,2026-06-08T15:45:49,CLR-1029,P2,1,SALE,3.2,3.2
TXN-000205,CART-593C2A65,2026-06-08T16:51:44,CLR-1029,P2,1,SALE,3.2,3.2
TXN-000196,CART-65E89913,2026-06-08T18:01:12,CLR-1029,P2,1,SALE,3.2,3.2
TXN-000210,CART-EA0183B0,2026-06-08T18:13:42,CLR-1029,P3,1,SALE,2.5,2.5
TXN-000213,CART-0EA74A76,2026-06-08T18:43:05,CLR-1029,P6,1,ZERO,4.5,0.0
TXN-000215,CART-AAA6885F,2026-06-08T19:01:43,CLR-1029,P6,1,ZERO,4.5,0.0
TXN-000216,CART-211278BF,2026-06-08T19:44:34,CLR-1029,P6,1,ZERO,4.5,0.0
TXN-000195,CART-327770F2,2026-06-08T19:58:42,CLR-1029,P1,1,SALE,3.2,3.2
TXN-000217,CART-FE6842B9,2026-06-08T20:31:17,CLR-1029,P6,1,ZERO,4.5,0.0
TXN-000245,CART-52C5C1B3,2026-06-09T08:12:33,CLR-1029,P5,1,SALE,2.0,2.0
TXN-000248,CART-D29C87A6,2026-06-09T08:24:14,CLR-1029,P6,1,ZERO,4.5,0.0
TXN-000230,CART-B1A99AC9,2026-06-09T08:33:45,CLR-1029,P2,1,SALE,3.2,3.2
TXN-000242,CART-1D19645A,2026-06-09T09:29:13,CLR-1029,P3,1,SALE,2.5,2.5
TXN-000251,CART-E21214DB,2026-06-09T09:34:41,CLR-1029,P6,1,ZERO,4.5,0.0
TXN-000235,CART-A2D0BC45,2026-06-09T10:00:18,CLR-1029,P2,1,SALE,3.2,3.2
TXN-000243,CART-78FF6EF7,2026-06-09T10:06:44,CLR-1029,P5,1,SALE,2.0,2.0
TXN-000247,CART-E7913CB4,2026-06-09T10:35:21,CLR-1029,P6,1,ZERO,4.5,0.0
TXN-000252,CART-EE6E46D0,2026-06-09T11:09:31,CLR-1029,P8,1,ZERO,2.8,0.0
TXN-000227,CART-943FC3AD,2026-06-09T11:33:38,CLR-1029,P2,1,SALE,3.2,3.2
TXN-000246,CART-75A80DAF,2026-06-09T12:18:47,CLR-1029,P6,1,ZERO,4.5,0.0
TXN-000225,CART-FF4BAD9E,2026-06-09T13:10:25,CLR-1029,P2,1,SALE,3.2,3.2
TXN-000239,CART-1488D127,2026-06-09T13:47:46,CLR-1029,P2,1,SALE,3.2,3.2
TXN-000229,CART-A6CDC819,2026-06-09T13:53:35,CLR-1029,P2,1,SALE,3.2,3.2
TXN-000236,CART-21333F86,2026-06-09T15:11:56,CLR-1029,P2,1,SALE,3.2,3.2
TXN-000221,CART-06A9C5AF,2026-06-09T15:23:31,CLR-1029,P1,1,SALE,3.2,3.2
TXN-000226,CART-957E7F4E,2026-06-09T15:35:16,CLR-1029,P2,1,SALE,3.2,3.2
TXN-000232,CART-E9FFCEFB,2026-06-09T15:55:52,CLR-1029,P2,1,SALE,3.2,3.2
TXN-000222,CART-AA44C872,2026-06-09T16:22:11,CLR-1029,P1,1,SALE,3.2,3.2
TXN-000231,CART-97D92068,2026-06-09T16:39:50,CLR-1029,P2,1,SALE,3.2,3.2
TXN-000241,CART-C24D1D73,2026-06-09T17:00:11,CLR-1029,P3,1,ZERO,2.5,0.0
TXN-000224,CART-75BF7552,2026-06-09T17:08:00,CLR-1029,P1,1,SALE,3.2,3.2
TXN-000237,CART-87ACE1FA,2026-06-09T17:18:39,CLR-1029,P2,1,SALE,3.2,3.2
TXN-000228,CART-46330A45,2026-06-09T17:21:40,CLR-1029,P2,1,SALE,3.2,3.2
TXN-000249,CART-CF3269CA,2026-06-09T18:23:28,CLR-1029,P6,1,SALE,4.5,4.5
TXN-000238,CART-E88EF7EF,2026-06-09T19:52:09,CLR-1029,P2,1,SALE,3.2,3.2
TXN-000234,CART-3F9F7AF6,2026-06-09T20:12:11,CLR-1029,P2,1,SALE,3.2,3.2
TXN-000250,CART-D786616E,2026-06-09T20:13:16,CLR-1029,P6,1,ZERO,4.5,0.0
TXN-000244,CART-B800B1A1,2026-06-09T20:26:07,CLR-1029,P5,1,SALE,2.0,2.0
TXN-000233,CART-F74415AC,2026-06-09T20:41:32,CLR-1029,P2,1,SALE,3.2,3.2
TXN-000223,CART-121D0705,2026-06-09T20:43:11,CLR-1029,P1,1,SALE,3.2,3.2
TXN-000240,CART-973FBA9D,2026-06-09T20:56:21,CLR-1029,P2,1,SALE,3.2,3.2
TXN-000259,CART-F7300FC2,2026-06-10T09:21:40,CLR-1029,P2,1,SALE,3.2,3.2
TXN-000254,CART-4F83A783,2026-06-10T11:57:19,CLR-1029,P2,1,SALE,3.2,3.2
TXN-000267,CART-EC5E4056,2026-06-10T12:27:32,CLR-1029,P6,1,SALE,4.5,4.5
TXN-000263,CART-C3C0333B,2026-06-10T12:54:57,CLR-1029,P3,1,SALE,2.5,2.5
TXN-000261,CART-8161E1F0,2026-06-10T12:58:07,CLR-1029,P3,1,SALE,2.5,2.5
TXN-000256,CART-4DF4B885,2026-06-10T13:44:34,CLR-1029,P2,1,SALE,3.2,3.2
TXN-000270,CART-8A47C325,2026-06-10T14:41:03,CLR-1029,P8,1,SALE,2.8,2.8
TXN-000255,CART-09255275,2026-06-10T14:48:43,CLR-1029,P2,1,SALE,3.2,3.2
TXN-000266,CART-94E2469D,2026-06-10T15:28:22,CLR-1029,P6,1,ZERO,4.5,0.0
TXN-000257,CART-F6007886,2026-06-10T16:32:05,CLR-1029,P2,1,SALE,3.2,3.2
TXN-000269,CART-5DB9F76C,2026-06-10T17:10:40,CLR-1029,P8,1,SALE,2.8,2.8
TXN-000264,CART-2BDAC10A,2026-06-10T17:18:11,CLR-1029,P3,1,SALE,2.5,2.5
TXN-000262,CART-8CB42F1D,2026-06-10T18:07:28,CLR-1029,P3,1,SALE,2.5,2.5
TXN-000271,CART-BBF2FF8A,2026-06-10T18:53:15,CLR-1029,P8,1,SALE,2.8,2.8
TXN-000265,CART-DC003443,2026-06-10T19:01:01,CLR-1029,P5,1,SALE,2.0,2.0
TXN-000253,CART-D97D917D,2026-06-10T19:22:10,CLR-1029,P2,1,SALE,3.2,3.2
TXN-000260,CART-05324097,2026-06-10T19:30:42,CLR-1029,P3,1,SALE,2.5,2.5
TXN-000268,CART-E6EDDC1C,2026-06-10T20:00:23,CLR-1029,P6,1,ZERO,4.5,0.0
TXN-000258,CART-3BF0201E,2026-06-10T20:11:56,CLR-1029,P2,1,SALE,3.2,3.2
TXN-000274,CART-5FE05DD7,2026-06-11T08:21:30,CLR-1029,P2,1,SALE,3.2,3.2
TXN-000290,CART-CE88A936,2026-06-11T08:50:10,CLR-1029,P8,1,SALE,2.8,2.8
TXN-000284,CART-1CB9292E,2026-06-11T08:56:31,CLR-1029,P5,1,SALE,2.0,2.0
TXN-000279,CART-D6227424,2026-06-11T09:27:15,CLR-1029,P2,1,SALE,3.2,3.2
TXN-000281,CART-EB2DF193,2026-06-11T09:30:40,CLR-1029,P3,1,SALE,2.5,2.5
TXN-000272,CART-C3C80D2B,2026-06-11T09:31:09,CLR-1029,P1,1,ZERO,3.2,0.0
TXN-000286,CART-DA32D66C,2026-06-11T09:51:34,CLR-1029,P6,1,ZERO,4.5,0.0
TXN-000287,CART-B6C626D1,2026-06-11T10:30:53,CLR-1029,P6,1,ZERO,4.5,0.0
TXN-000276,CART-B213D209,2026-06-11T12:08:22,CLR-1029,P2,1,SALE,3.2,3.2
TXN-000289,CART-2B39482A,2026-06-11T13:16:41,CLR-1029,P8,1,SALE,2.8,2.8
TXN-000280,CART-EF072FF1,2026-06-11T13:44:07,CLR-1029,P2,1,SALE,3.2,3.2
TXN-000283,CART-E9DAF2A6,2026-06-11T14:36:13,CLR-1029,P5,1,SALE,2.0,2.0
TXN-000282,CART-8F6169DD,2026-06-11T15:36:05,CLR-1029,P5,1,SALE,2.0,2.0
TXN-000278,CART-22BD0A85,2026-06-11T16:30:00,CLR-1029,P2,1,SALE,3.2,3.2
TXN-000275,CART-3B91F91B,2026-06-11T16:42:25,CLR-1029,P2,1,SALE,3.2,3.2
TXN-000288,CART-3D4F944D,2026-06-11T17:06:38,CLR-1029,P6,1,ZERO,4.5,0.0
TXN-000285,CART-15B2D0F6,2026-06-11T17:21:27,CLR-1029,P6,1,ZERO,4.5,0.0
TXN-000273,CART-63601E66,2026-06-11T18:07:35,CLR-1029,P1,1,SALE,3.2,3.2
TXN-000277,CART-E672ED1E,2026-06-11T20:50:10,CLR-1029,P2,1,SALE,3.2,3.2
TXN-000297,CART-E3D746B8,2026-06-12T08:01:38,CLR-1029,P2,1,SALE,3.2,3.2
TXN-000295,CART-331E4406,2026-06-12T08:28:17,CLR-1029,P2,1,SALE,3.2,3.2
TXN-000306,CART-CE7420D9,2026-06-12T08:45:22,CLR-1029,P3,1,SALE,2.5,2.5
TXN-000292,CART-10D6A871,2026-06-12T09:21:41,CLR-1029,P1,1,SALE,3.2,3.2
TXN-000317,CART-39A733BC,2026-06-12T12:24:41,CLR-1029,P8,1,SALE,2.8,2.8
TXN-000293,CART-DB5B4637,2026-06-12T12:29:57,CLR-1029,P1,1,SALE,3.2,3.2
TXN-000291,CART-C2B9EA90,2026-06-12T12:43:19,CLR-1029,P1,1,SALE,3.2,3.2
TXN-000310,CART-0EABCC98,2026-06-12T13:02:05,CLR-1029,P6,1,ZERO,4.5,0.0
TXN-000303,CART-CD2AC048,2026-06-12T13:57:06,CLR-1029,P3,1,SALE,2.5,2.5
TXN-000305,CART-DD548506,2026-06-12T14:42:56,CLR-1029,P3,1,SALE,2.5,2.5
TXN-000299,CART-071DAC81,2026-06-12T14:44:24,CLR-1029,P2,1,SALE,3.2,3.2
TXN-000296,CART-A755257A,2026-06-12T15:30:58,CLR-1029,P2,1,SALE,3.2,3.2
TXN-000314,CART-A53BC1EC,2026-06-12T16:16:55,CLR-1029,P6,1,ZERO,4.5,0.0
TXN-000315,CART-4601AD5E,2026-06-12T16:19:42,CLR-1029,P6,1,ZERO,4.5,0.0
TXN-000308,CART-8D8A3C46,2026-06-12T16:43:19,CLR-1029,P5,1,SALE,2.0,2.0
TXN-000301,CART-6F0CD2DE,2026-06-12T16:44:11,CLR-1029,P3,1,SALE,2.5,2.5
TXN-000300,CART-10A73FFE,2026-06-12T16:53:54,CLR-1029,P2,1,SALE,3.2,3.2
TXN-000307,CART-4E4E318A,2026-06-12T16:55:20,CLR-1029,P5,1,SALE,2.0,2.0
TXN-000313,CART-928E964C,2026-06-12T17:39:39,CLR-1029,P6,1,ZERO,4.5,0.0
TXN-000302,CART-4E605762,2026-06-12T18:30:28,CLR-1029,P3,1,SALE,2.5,2.5
TXN-000304,CART-064719AA,2026-06-12T18:46:04,CLR-1029,P3,1,SALE,2.5,2.5
TXN-000298,CART-167202D9,2026-06-12T18:58:32,CLR-1029,P2,1,SALE,3.2,3.2
TXN-000294,CART-B7215592,2026-06-12T18:59:05,CLR-1029,P2,1,SALE,3.2,3.2
TXN-000309,CART-BED0AF06,2026-06-12T19:30:56,CLR-1029,P5,1,SALE,2.0,2.0
TXN-000311,CART-54451971,2026-06-12T19:50:58,CLR-1029,P6,1,ZERO,4.5,0.0
TXN-000312,CART-FBD34CAB,2026-06-12T19:59:48,CLR-1029,P6,1,ZERO,4.5,0.0
TXN-000318,CART-DE116C9C,2026-06-12T20:13:05,CLR-1029,P8,1,SALE,2.8,2.8
TXN-000316,CART-18D6D9DC,2026-06-12T20:22:47,CLR-1029,P8,1,SALE,2.8,2.8
TXN-000342,CART-C49D7667,2026-06-13T08:34:51,CLR-1029,P3,1,SALE,2.5,2.5
TXN-000349,CART-62ADA925,2026-06-13T08:46:24,CLR-1029,P6,1,ZERO,4.5,0.0
TXN-000345,CART-76FDB350,2026-06-13T09:16:04,CLR-1029,P5,1,SALE,2.0,2.0
TXN-000339,CART-18CAA043,2026-06-13T10:01:20,CLR-1029,P3,1,SALE,2.5,2.5
TXN-000338,CART-DA83AF8C,2026-06-13T10:16:58,CLR-1029,P2,1,SALE,3.2,3.2
TXN-000320,CART-2371C549,2026-06-13T10:49:06,CLR-1029,P1,1,SALE,3.2,3.2
TXN-000323,CART-0C059512,2026-06-13T10:54:59,CLR-1029,P2,1,SALE,3.2,3.2
TXN-000322,CART-571973BB,2026-06-13T11:04:40,CLR-1029,P2,1,SALE,3.2,3.2
TXN-000332,CART-ECF8887D,2026-06-13T11:13:26,CLR-1029,P2,1,SALE,3.2,3.2
TXN-000335,CART-D20EDCD5,2026-06-13T11:53:43,CLR-1029,P2,1,SALE,3.2,3.2
TXN-000336,CART-F9E6DE43,2026-06-13T12:06:34,CLR-1029,P2,1,SALE,3.2,3.2
TXN-000337,CART-E342D9F6,2026-06-13T12:09:58,CLR-1029,P2,1,SALE,3.2,3.2
TXN-000340,CART-3E993F1E,2026-06-13T12:19:04,CLR-1029,P3,1,SALE,2.5,2.5
TXN-000352,CART-19DA4341,2026-06-13T12:44:57,CLR-1029,P6,1,ZERO,4.5,0.0
TXN-000328,CART-33100F7A,2026-06-13T13:38:04,CLR-1029,P2,1,SALE,3.2,3.2
TXN-000327,CART-6DFA428D,2026-06-13T14:03:51,CLR-1029,P2,1,SALE,3.2,3.2
TXN-000326,CART-3E2FD41D,2026-06-13T14:16:52,CLR-1029,P2,1,SALE,3.2,3.2
TXN-000325,CART-0AAF9FC6,2026-06-13T14:27:37,CLR-1029,P2,1,SALE,3.2,3.2
TXN-000344,CART-0A79E914,2026-06-13T14:46:00,CLR-1029,P5,1,SALE,2.0,2.0
TXN-000348,CART-1F10CCD1,2026-06-13T15:21:52,CLR-1029,P6,1,ZERO,4.5,0.0
TXN-000321,CART-3770061D,2026-06-13T15:39:41,CLR-1029,P1,1,SALE,3.2,3.2
TXN-000343,CART-456BF583,2026-06-13T16:05:35,CLR-1029,P5,1,SALE,2.0,2.0
TXN-000350,CART-9C7DE0FD,2026-06-13T16:08:46,CLR-1029,P6,1,ZERO,4.5,0.0
TXN-000319,CART-B2F94CA7,2026-06-13T16:49:27,CLR-1029,P1,1,SALE,3.2,3.2
TXN-000334,CART-08A0397C,2026-06-13T17:36:44,CLR-1029,P2,1,SALE,3.2,3.2
TXN-000324,CART-6D308931,2026-06-13T17:37:46,CLR-1029,P2,1,SALE,3.2,3.2
TXN-000347,CART-606EF84B,2026-06-13T18:28:25,CLR-1029,P6,1,ZERO,4.5,0.0
TXN-000330,CART-7130D5B7,2026-06-13T19:11:31,CLR-1029,P2,1,SALE,3.2,3.2
TXN-000346,CART-A809280E,2026-06-13T19:18:01,CLR-1029,P6,1,ZERO,4.5,0.0
TXN-000331,CART-FCFDC636,2026-06-13T19:36:38,CLR-1029,P2,1,SALE,3.2,3.2
TXN-000329,CART-77D3BE8D,2026-06-13T19:57:21,CLR-1029,P2,1,SALE,3.2,3.2
TXN-000341,CART-7BE6721D,2026-06-13T20:10:15,CLR-1029,P3,1,SALE,2.5,2.5
TXN-000351,CART-3DF08133,2026-06-13T20:38:11,CLR-1029,P6,1,ZERO,4.5,0.0
TXN-000333,CART-A6804F94,2026-06-13T20:51:00,CLR-1029,P2,1,SALE,3.2,3.2
TXN-000377,CART-E49B4F3F,2026-06-14T08:35:58,CLR-1029,P6,1,ZERO,4.5,0.0
TXN-000360,CART-40F8E8DD,2026-06-14T08:39:03,CLR-1029,P2,1,SALE,3.2,3.2
TXN-000367,CART-E5F48A58,2026-06-14T08:39:32,CLR-1029,P2,1,SALE,3.2,3.2
TXN-000379,CART-A2904472,2026-06-14T09:00:49,CLR-1029,P8,1,SALE,2.8,2.8
TXN-000371,CART-BEEC3910,2026-06-14T09:21:18,CLR-1029,P2,1,SALE,3.2,3.2
TXN-000368,CART-AE28A84D,2026-06-14T10:18:46,CLR-1029,P2,1,SALE,3.2,3.2
TXN-000363,CART-8D055617,2026-06-14T11:47:40,CLR-1029,P2,1,SALE,3.2,3.2
TXN-000380,CART-7B2B9A69,2026-06-14T12:48:26,CLR-1029,P8,1,SALE,2.8,2.8
TXN-000362,CART-DC2C191A,2026-06-14T12:54:42,CLR-1029,P2,1,SALE,3.2,3.2
TXN-000356,CART-3F6C500A,2026-06-14T13:23:58,CLR-1029,P2,1,SALE,3.2,3.2
TXN-000357,CART-F1721DE8,2026-06-14T13:37:34,CLR-1029,P2,1,SALE,3.2,3.2
TXN-000370,CART-2E529928,2026-06-14T14:05:53,CLR-1029,P2,1,SALE,3.2,3.2
TXN-000364,CART-9D869AB4,2026-06-14T14:15:09,CLR-1029,P2,1,SALE,3.2,3.2
TXN-000353,CART-B85CF93D,2026-06-14T14:42:43,CLR-1029,P1,1,SALE,3.2,3.2
TXN-000373,CART-CC22A4DB,2026-06-14T14:48:12,CLR-1029,P3,1,SALE,2.5,2.5
TXN-000375,CART-BA75E5CB,2026-06-14T15:06:21,CLR-1029,P5,1,SALE,2.0,2.0
TXN-000366,CART-8F5E27C9,2026-06-14T15:26:46,CLR-1029,P2,1,SALE,3.2,3.2
TXN-000376,CART-987CC321,2026-06-14T15:45:10,CLR-1029,P5,1,SALE,2.0,2.0
TXN-000372,CART-1728652B,2026-06-14T15:46:39,CLR-1029,P3,1,SALE,2.5,2.5
TXN-000359,CART-963F0777,2026-06-14T16:42:37,CLR-1029,P2,1,SALE,3.2,3.2
TXN-000369,CART-D1644F24,2026-06-14T17:11:24,CLR-1029,P2,1,SALE,3.2,3.2
TXN-000378,CART-F16989BA,2026-06-14T18:01:23,CLR-1029,P6,1,ZERO,4.5,0.0
TXN-000374,CART-7C88B266,2026-06-14T18:05:17,CLR-1029,P3,1,SALE,2.5,2.5
TXN-000361,CART-35332FF5,2026-06-14T18:20:57,CLR-1029,P2,1,SALE,3.2,3.2
TXN-000365,CART-51C5BE4D,2026-06-14T18:23:54,CLR-1029,P2,1,SALE,3.2,3.2
TXN-000358,CART-1B9CD075,2026-06-14T18:38:08,CLR-1029,P2,1,SALE,3.2,3.2
TXN-000355,CART-752024B9,2026-06-14T18:44:40,CLR-1029,P2,1,SALE,3.2,3.2
TXN-000354,CART-037AF85E,2026-06-14T18:49:26,CLR-1029,P2,1,SALE,3.2,3.2
TXN-000384,CART-74AF8FE2,2026-06-15T09:18:27,CLR-1029,P2,1,SALE,3.2,3.2
TXN-000392,CART-E151F3F5,2026-06-15T09:57:31,CLR-1029,P3,1,SALE,2.5,2.5
TXN-000391,CART-E64B3A88,2026-06-15T10:15:31,CLR-1029,P2,1,SALE,3.2,3.2
TXN-000405,CART-B830AE23,2026-06-15T10:33:40,CLR-1029,P8,1,SALE,2.8,2.8
TXN-000397,CART-7B3D2214,2026-06-15T10:45:17,CLR-1029,P6,1,ZERO,4.5,0.0
TXN-000396,CART-36565CA2,2026-06-15T11:18:40,CLR-1029,P6,1,ZERO,4.5,0.0
TXN-000395,CART-3F24B5C5,2026-06-15T11:37:37,CLR-1029,P5,1,SALE,2.0,2.0
TXN-000402,CART-59745593,2026-06-15T12:58:47,CLR-1029,P7,1,SALE,6.0,6.0
TXN-000398,CART-63ABD5FF,2026-06-15T13:11:07,CLR-1029,P6,1,ZERO,4.5,0.0
TXN-000399,CART-47E08B81,2026-06-15T14:14:14,CLR-1029,P6,1,ZERO,4.5,0.0
TXN-000393,CART-2A7F5182,2026-06-15T14:25:37,CLR-1029,P3,1,SALE,2.5,2.5
TXN-000401,CART-26325599,2026-06-15T14:50:23,CLR-1029,P6,1,ZERO,4.5,0.0
TXN-000404,CART-ACB31144,2026-06-15T15:48:11,CLR-1029,P8,1,ZERO,2.8,0.0
TXN-000385,CART-4CB0E4D0,2026-06-15T16:27:22,CLR-1029,P2,1,SALE,3.2,3.2
TXN-000381,CART-035D80E0,2026-06-15T16:36:10,CLR-1029,P1,1,SALE,3.2,3.2
TXN-000386,CART-68C67B3A,2026-06-15T17:07:27,CLR-1029,P2,1,SALE,3.2,3.2
TXN-000400,CART-FE045B2B,2026-06-15T17:38:45,CLR-1029,P6,1,ZERO,4.5,0.0
TXN-000394,CART-02817F49,2026-06-15T17:41:23,CLR-1029,P4,1,SALE,5.0,5.0
TXN-000387,CART-A3638291,2026-06-15T18:30:48,CLR-1029,P2,1,SALE,3.2,3.2
TXN-000388,CART-43E34731,2026-06-15T18:42:00,CLR-1029,P2,1,SALE,3.2,3.2
TXN-000389,CART-3AD216F5,2026-06-15T19:30:22,CLR-1029,P2,1,SALE,3.2,3.2
TXN-000383,CART-92D3B388,2026-06-15T19:33:36,CLR-1029,P2,1,SALE,3.2,3.2
TXN-000382,CART-F351BE5E,2026-06-15T19:57:00,CLR-1029,P1,1,SALE,3.2,3.2
TXN-000403,CART-2D2BAA63,2026-06-15T20:04:58,CLR-1029,P8,1,SALE,2.8,2.8
TXN-000390,CART-7014C28F,2026-06-15T20:43:38,CLR-1029,P2,1,SALE,3.2,3.2
TXN-000419,CART-740DA2E7,2026-06-16T08:07:15,CLR-1029,P2,1,SALE,3.2,3.2
TXN-000418,CART-A9C07AEE,2026-06-16T08:11:22,CLR-1029,P2,1,SALE,3.2,3.2
TXN-000420,CART-2B991140,2026-06-16T09:26:24,CLR-1029,P3,1,SALE,2.5,2.5
TXN-000424,CART-A79B1CE0,2026-06-16T10:49:03,CLR-1029,P6,1,ZERO,4.5,0.0
TXN-000416,CART-DA7BEDCC,2026-06-16T11:03:05,CLR-1029,P2,1,SALE,3.2,3.2
TXN-000410,CART-7415E80E,2026-06-16T11:13:34,CLR-1029,P2,1,SALE,3.2,3.2
TXN-000408,CART-BE8DAA99,2026-06-16T11:57:41,CLR-1029,P2,1,SALE,3.2,3.2
TXN-000409,CART-05083D90,2026-06-16T12:38:32,CLR-1029,P2,1,SALE,3.2,3.2
TXN-000421,CART-ACF90C54,2026-06-16T13:02:46,CLR-1029,P5,1,SALE,2.0,2.0
TXN-000426,CART-425DFA2C,2026-06-16T13:08:04,CLR-1029,P6,1,ZERO,4.5,0.0
TXN-000423,CART-8171D66A,2026-06-16T13:21:43,CLR-1029,P5,1,SALE,2.0,2.0
TXN-000422,CART-E3E7F019,2026-06-16T13:25:21,CLR-1029,P5,1,SALE,2.0,2.0
TXN-000431,CART-6AA17154,2026-06-16T14:25:07,CLR-1029,P6,1,ZERO,4.5,0.0
TXN-000412,CART-029911AD,2026-06-16T14:45:48,CLR-1029,P2,1,SALE,3.2,3.2
TXN-000430,CART-F3E12506,2026-06-16T15:17:37,CLR-1029,P6,1,ZERO,4.5,0.0
TXN-000427,CART-431D7FC1,2026-06-16T15:24:49,CLR-1029,P6,1,ZERO,4.5,0.0
TXN-000407,CART-287C0DCC,2026-06-16T16:02:49,CLR-1029,P2,1,SALE,3.2,3.2
TXN-000414,CART-7EF4EABA,2026-06-16T16:51:37,CLR-1029,P2,1,SALE,3.2,3.2
TXN-000413,CART-E2353551,2026-06-16T17:24:28,CLR-1029,P2,1,SALE,3.2,3.2
TXN-000429,CART-63839DA8,2026-06-16T17:36:39,CLR-1029,P6,1,ZERO,4.5,0.0
TXN-000411,CART-FE6D8C58,2026-06-16T18:17:33,CLR-1029,P2,1,SALE,3.2,3.2
TXN-000428,CART-0F64FD62,2026-06-16T19:17:52,CLR-1029,P6,1,ZERO,4.5,0.0
TXN-000415,CART-C9BA797C,2026-06-16T20:02:49,CLR-1029,P2,1,SALE,3.2,3.2
TXN-000425,CART-270E27DA,2026-06-16T20:08:17,CLR-1029,P6,1,ZERO,4.5,0.0
TXN-000417,CART-0CBFE9DB,2026-06-16T20:17:20,CLR-1029,P2,1,SALE,3.2,3.2
TXN-000406,CART-80E4909C,2026-06-16T20:42:29,CLR-1029,P1,1,SALE,3.2,3.2
TXN-000432,CART-D289E7EB,2026-06-16T20:56:17,CLR-1029,P8,1,SALE,2.8,2.8
TXN-000458,CART-4B296054,2026-06-17T08:02:32,CLR-1029,P6,1,ZERO,4.5,0.0
TXN-000441,CART-08C2E196,2026-06-17T08:03:38,CLR-1029,P2,1,SALE,3.2,3.2
TXN-000446,CART-3ADBF77D,2026-06-17T08:18:53,CLR-1029,P3,1,SALE,2.5,2.5
TXN-000455,CART-411F249E,2026-06-17T08:23:51,CLR-1029,P6,1,ZERO,4.5,0.0
TXN-000438,CART-AB268C92,2026-06-17T09:16:19,CLR-1029,P2,1,SALE,3.2,3.2
TXN-000450,CART-E30F770A,2026-06-17T09:37:53,CLR-1029,P5,1,SALE,2.0,2.0
TXN-000433,CART-533094D4,2026-06-17T10:09:10,CLR-1029,P1,1,SALE,3.2,3.2
TXN-000448,CART-839F9D95,2026-06-17T10:28:07,CLR-1029,P5,1,SALE,2.0,2.0
TXN-000445,CART-4CD4FB1B,2026-06-17T11:24:32,CLR-1029,P2,1,SALE,3.2,3.2
TXN-000437,CART-5907C5B1,2026-06-17T11:29:40,CLR-1029,P2,1,SALE,3.2,3.2
TXN-000453,CART-95541B2F,2026-06-17T11:54:20,CLR-1029,P6,1,ZERO,4.5,0.0
TXN-000439,CART-A6274999,2026-06-17T12:24:54,CLR-1029,P2,1,SALE,3.2,3.2
TXN-000459,CART-EE7E9D29,2026-06-17T13:36:38,CLR-1029,P6,1,ZERO,4.5,0.0
TXN-000435,CART-1CB43945,2026-06-17T13:48:55,CLR-1029,P1,1,SALE,3.2,3.2
TXN-000456,CART-A6DB00AD,2026-06-17T14:08:30,CLR-1029,P6,1,ZERO,4.5,0.0
TXN-000443,CART-8A47279F,2026-06-17T14:08:43,CLR-1029,P2,1,SALE,3.2,3.2
TXN-000457,CART-4BEEA3E1,2026-06-17T14:27:34,CLR-1029,P6,1,ZERO,4.5,0.0
TXN-000454,CART-CD7B31A8,2026-06-17T14:51:31,CLR-1029,P6,1,ZERO,4.5,0.0
TXN-000440,CART-39F2CAAD,2026-06-17T15:17:12,CLR-1029,P2,1,SALE,3.2,3.2
TXN-000434,CART-4A2512CF,2026-06-17T15:56:17,CLR-1029,P1,1,SALE,3.2,3.2
TXN-000436,CART-3BE73106,2026-06-17T16:35:33,CLR-1029,P1,1,SALE,3.2,3.2
TXN-000449,CART-81610782,2026-06-17T17:54:32,CLR-1029,P5,1,SALE,2.0,2.0
TXN-000452,CART-5101B32D,2026-06-17T18:04:37,CLR-1029,P5,1,SALE,2.0,2.0
TXN-000444,CART-EA3AA179,2026-06-17T18:32:23,CLR-1029,P2,1,SALE,3.2,3.2
TXN-000451,CART-DC843BA6,2026-06-17T20:20:18,CLR-1029,P5,1,SALE,2.0,2.0
TXN-000460,CART-FD21222E,2026-06-17T20:35:37,CLR-1029,P8,1,SALE,2.8,2.8
TXN-000442,CART-5982E1F8,2026-06-17T20:46:57,CLR-1029,P2,1,SALE,3.2,3.2
TXN-000447,CART-A44592CF,2026-06-17T20:51:44,CLR-1029,P3,1,SALE,2.5,2.5
TXN-000480,CART-CB245418,2026-06-18T08:18:00,CLR-1029,P6,1,ZERO,4.5,0.0
TXN-000484,CART-13CED4D9,2026-06-18T08:28:48,CLR-1029,P6,1,ZERO,4.5,0.0
TXN-000481,CART-B1AD4D44,2026-06-18T09:11:55,CLR-1029,P6,1,ZERO,4.5,0.0
TXN-000482,CART-9FB25DF4,2026-06-18T09:16:14,CLR-1029,P6,1,ZERO,4.5,0.0
TXN-000487,CART-F4714103,2026-06-18T12:40:40,CLR-1029,P6,1,ZERO,4.5,0.0
TXN-000479,CART-BA20C808,2026-06-18T13:14:46,CLR-1029,P6,1,ZERO,4.5,0.0
TXN-000489,CART-33B2AA3A,2026-06-18T13:23:14,CLR-1029,P8,1,SALE,2.8,2.8
TXN-000466,CART-260AB520,2026-06-18T14:11:28,CLR-1029,P2,1,SALE,3.2,3.2
TXN-000476,CART-04406DE3,2026-06-18T14:22:35,CLR-1029,P3,1,SALE,2.5,2.5
TXN-000464,CART-DD4B7F74,2026-06-18T14:51:00,CLR-1029,P2,1,SALE,3.2,3.2
TXN-000473,CART-BDE9850C,2026-06-18T15:11:07,CLR-1029,P2,1,SALE,3.2,3.2
TXN-000485,CART-B59FB4B1,2026-06-18T15:35:55,CLR-1029,P6,1,ZERO,4.5,0.0
TXN-000471,CART-1AC2C2F6,2026-06-18T16:08:33,CLR-1029,P2,1,SALE,3.2,3.2
TXN-000469,CART-E62079FE,2026-06-18T16:36:51,CLR-1029,P2,1,SALE,3.2,3.2
TXN-000462,CART-85585D99,2026-06-18T16:39:32,CLR-1029,P2,1,SALE,3.2,3.2
TXN-000470,CART-957078BF,2026-06-18T17:26:57,CLR-1029,P2,1,SALE,3.2,3.2
TXN-000477,CART-3ADFF06A,2026-06-18T17:31:16,CLR-1029,P3,1,SALE,2.5,2.5
TXN-000468,CART-C0F7B48F,2026-06-18T17:52:48,CLR-1029,P2,1,SALE,3.2,3.2
TXN-000472,CART-7701EB29,2026-06-18T18:13:39,CLR-1029,P2,1,SALE,3.2,3.2
TXN-000486,CART-7C73BAEC,2026-06-18T18:23:58,CLR-1029,P6,1,ZERO,4.5,0.0
TXN-000465,CART-FA7870E2,2026-06-18T18:27:16,CLR-1029,P2,1,SALE,3.2,3.2
TXN-000488,CART-D3DE3421,2026-06-18T19:00:51,CLR-1029,P8,1,SALE,2.8,2.8
TXN-000461,CART-F9931FD1,2026-06-18T19:04:43,CLR-1029,P2,1,SALE,3.2,3.2
TXN-000475,CART-982C2335,2026-06-18T19:20:39,CLR-1029,P3,1,SALE,2.5,2.5
TXN-000483,CART-FD880B7C,2026-06-18T19:23:38,CLR-1029,P6,1,ZERO,4.5,0.0
TXN-000478,CART-C2F1524D,2026-06-18T19:54:51,CLR-1029,P5,1,SALE,2.0,2.0
TXN-000463,CART-FE20CF27,2026-06-18T19:56:25,CLR-1029,P2,1,SALE,3.2,3.2
TXN-000474,CART-590873F9,2026-06-18T20:06:38,CLR-1029,P3,1,SALE,2.5,2.5
TXN-000467,CART-3F21A822,2026-06-18T20:23:56,CLR-1029,P2,1,SALE,3.2,3.2
TXN-000516,CART-735EC705,2026-06-19T08:38:51,CLR-1029,P8,1,SALE,2.8,2.8
TXN-000493,CART-B5DDE5C2,2026-06-19T08:40:52,CLR-1029,P2,1,SALE,3.2,3.2
TXN-000497,CART-F48D34F6,2026-06-19T09:04:11,CLR-1029,P2,1,SALE,3.2,3.2
TXN-000513,CART-58DAD113,2026-06-19T09:05:32,CLR-1029,P6,1,ZERO,4.5,0.0
TXN-000517,CART-3AA53497,2026-06-19T09:29:01,CLR-1029,P8,1,SALE,2.8,2.8
TXN-000496,CART-89AD36D1,2026-06-19T09:33:20,CLR-1029,P2,1,SALE,3.2,3.2
TXN-000501,CART-DF7A2B17,2026-06-19T09:41:36,CLR-1029,P3,1,SALE,2.5,2.5
TXN-000502,CART-8347C534,2026-06-19T11:06:34,CLR-1029,P3,1,SALE,2.5,2.5
TXN-000499,CART-BE989B0D,2026-06-19T11:22:08,CLR-1029,P2,1,SALE,3.2,3.2
TXN-000512,CART-EC65D493,2026-06-19T11:28:06,CLR-1029,P6,1,ZERO,4.5,0.0
TXN-000508,CART-2200DA7E,2026-06-19T12:35:52,CLR-1029,P6,1,ZERO,4.5,0.0
TXN-000505,CART-1F0477CD,2026-06-19T12:41:42,CLR-1029,P5,1,SALE,2.0,2.0
TXN-000490,CART-F3F2B057,2026-06-19T13:50:19,CLR-1029,P1,1,SALE,3.2,3.2
TXN-000503,CART-8FB1A4F6,2026-06-19T13:59:47,CLR-1029,P5,1,SALE,2.0,2.0
TXN-000500,CART-76EDE591,2026-06-19T14:20:52,CLR-1029,P2,1,SALE,3.2,3.2
TXN-000511,CART-C1459E21,2026-06-19T14:37:39,CLR-1029,P6,1,ZERO,4.5,0.0
TXN-000514,CART-A7615931,2026-06-19T14:59:33,CLR-1029,P6,1,SALE,4.5,4.5
TXN-000510,CART-F45474AB,2026-06-19T16:03:53,CLR-1029,P6,1,ZERO,4.5,0.0
TXN-000506,CART-2300F965,2026-06-19T16:29:23,CLR-1029,P5,1,SALE,2.0,2.0
TXN-000507,CART-2D94BCE3,2026-06-19T16:30:37,CLR-1029,P6,1,ZERO,4.5,0.0
TXN-000504,CART-3ED386EC,2026-06-19T16:40:16,CLR-1029,P5,1,SALE,2.0,2.0
TXN-000494,CART-6674C9A3,2026-06-19T17:06:06,CLR-1029,P2,1,SALE,3.2,3.2
TXN-000498,CART-B9D7B226,2026-06-19T17:25:38,CLR-1029,P2,1,SALE,3.2,3.2
TXN-000491,CART-12704A1E,2026-06-19T18:13:55,CLR-1029,P1,1,SALE,3.2,3.2
TXN-000515,CART-0EBF274C,2026-06-19T18:18:10,CLR-1029,P7,1,SALE,6.0,6.0
TXN-000509,CART-A925DC9D,2026-06-19T19:38:14,CLR-1029,P6,1,ZERO,4.5,0.0
TXN-000495,CART-FC446B99,2026-06-19T20:18:37,CLR-1029,P2,1,SALE,3.2,3.2
TXN-000492,CART-6975EC56,2026-06-19T20:41:29,CLR-1029,P2,1,SALE,3.2,3.2
TXN-000525,CART-DF1B054E,2026-06-20T08:48:11,CLR-1029,P2,1,SALE,3.2,3.2
TXN-000520,CART-969ECAA5,2026-06-20T09:19:55,CLR-1029,P1,1,SALE,3.2,3.2
TXN-000531,CART-7D4181CD,2026-06-20T09:30:46,CLR-1029,P2,1,SALE,3.2,3.2
TXN-000518,CART-6A6B7842,2026-06-20T09:34:51,CLR-1029,P1,1,SALE,3.2,3.2
TXN-000543,CART-CD988F2F,2026-06-20T10:53:15,CLR-1029,P8,1,SALE,2.8,2.8
TXN-000536,CART-CF3768F1,2026-06-20T10:56:35,CLR-1029,P5,1,SALE,2.0,2.0
TXN-000527,CART-ADF9413C,2026-06-20T11:04:15,CLR-1029,P2,1,SALE,3.2,3.2
TXN-000526,CART-24C83393,2026-06-20T11:21:21,CLR-1029,P2,1,SALE,3.2,3.2
TXN-000542,CART-DB3D6C6A,2026-06-20T11:32:46,CLR-1029,P8,1,SALE,2.8,2.8
TXN-000522,CART-66C4B781,2026-06-20T12:55:50,CLR-1029,P2,1,SALE,3.2,3.2
TXN-000532,CART-FFFB5E87,2026-06-20T13:02:20,CLR-1029,P2,1,SALE,3.2,3.2
TXN-000533,CART-9A2B2B62,2026-06-20T13:17:02,CLR-1029,P2,1,SALE,3.2,3.2
TXN-000534,CART-F141F4B7,2026-06-20T14:18:32,CLR-1029,P2,1,SALE,3.2,3.2
TXN-000529,CART-F9322845,2026-06-20T15:00:48,CLR-1029,P2,1,SALE,3.2,3.2
TXN-000528,CART-0F04FF17,2026-06-20T15:06:53,CLR-1029,P2,1,SALE,3.2,3.2
TXN-000540,CART-243B0AAE,2026-06-20T15:58:04,CLR-1029,P6,1,ZERO,4.5,0.0
TXN-000521,CART-8630A6AC,2026-06-20T16:43:08,CLR-1029,P2,1,SALE,3.2,3.2
TXN-000530,CART-4C1836EC,2026-06-20T17:01:08,CLR-1029,P2,1,SALE,3.2,3.2
TXN-000523,CART-3823BD84,2026-06-20T17:11:13,CLR-1029,P2,1,SALE,3.2,3.2
TXN-000537,CART-3C38A55A,2026-06-20T17:46:56,CLR-1029,P5,1,SALE,2.0,2.0
TXN-000535,CART-BF70E030,2026-06-20T17:47:43,CLR-1029,P5,1,SALE,2.0,2.0
TXN-000539,CART-D39352FA,2026-06-20T19:48:47,CLR-1029,P6,1,ZERO,4.5,0.0
TXN-000538,CART-6DCEA540,2026-06-20T19:55:06,CLR-1029,P5,1,SALE,2.0,2.0
TXN-000519,CART-5E73D90B,2026-06-20T20:32:14,CLR-1029,P1,1,SALE,3.2,3.2
TXN-000541,CART-2A9D0493,2026-06-20T20:35:17,CLR-1029,P6,1,ZERO,4.5,0.0
TXN-000524,CART-2C3354BB,2026-06-20T20:56:22,CLR-1029,P2,1,SALE,3.2,3.2
TXN-000561,CART-06A61B31,2026-06-21T08:16:04,CLR-1029,P6,1,ZERO,4.5,0.0
TXN-000557,CART-51D71A45,2026-06-21T08:49:49,CLR-1029,P5,1,SALE,2.0,2.0
TXN-000554,CART-419F7F0C,2026-06-21T09:09:01,CLR-1029,P2,1,SALE,3.2,3.2
TXN-000545,CART-273EDD52,2026-06-21T09:10:21,CLR-1029,P2,1,SALE,3.2,3.2
TXN-000565,CART-B8EE05B0,2026-06-21T09:33:08,CLR-1029,P6,1,ZERO,4.5,0.0
TXN-000548,CART-A5FAFF82,2026-06-21T09:41:18,CLR-1029,P2,1,SALE,3.2,3.2
TXN-000552,CART-D5A18DAF,2026-06-21T10:03:49,CLR-1029,P2,1,SALE,3.2,3.2
TXN-000546,CART-AF4C4DE9,2026-06-21T10:10:22,CLR-1029,P2,1,SALE,3.2,3.2
TXN-000564,CART-95FE726F,2026-06-21T10:26:19,CLR-1029,P6,1,ZERO,4.5,0.0
TXN-000553,CART-2517CACC,2026-06-21T12:28:34,CLR-1029,P2,1,SALE,3.2,3.2
TXN-000551,CART-FD367FF0,2026-06-21T13:38:16,CLR-1029,P2,1,SALE,3.2,3.2
TXN-000568,CART-2290B26B,2026-06-21T14:11:47,CLR-1029,P6,1,ZERO,4.5,0.0
TXN-000560,CART-22991DDF,2026-06-21T14:46:49,CLR-1029,P5,1,ZERO,2.0,0.0
TXN-000547,CART-D7159615,2026-06-21T14:48:40,CLR-1029,P2,1,SALE,3.2,3.2
TXN-000556,CART-498F2A92,2026-06-21T15:09:19,CLR-1029,P2,1,SALE,3.2,3.2
TXN-000562,CART-60A8B011,2026-06-21T15:13:54,CLR-1029,P6,1,ZERO,4.5,0.0
TXN-000563,CART-1D628F86,2026-06-21T16:41:00,CLR-1029,P6,1,ZERO,4.5,0.0
TXN-000569,CART-66781A89,2026-06-21T17:10:04,CLR-1029,P6,1,ZERO,4.5,0.0
TXN-000566,CART-D80DAFCD,2026-06-21T17:51:43,CLR-1029,P6,1,ZERO,4.5,0.0
TXN-000544,CART-3117F8D0,2026-06-21T17:55:42,CLR-1029,P1,1,SALE,3.2,3.2
TXN-000570,CART-D997341B,2026-06-21T18:40:19,CLR-1029,P7,1,SALE,6.0,6.0
TXN-000571,CART-877F8B74,2026-06-21T19:01:56,CLR-1029,P8,1,SALE,2.8,2.8
TXN-000549,CART-8E8E7F1E,2026-06-21T19:40:20,CLR-1029,P2,1,SALE,3.2,3.2
TXN-000558,CART-A4764BE3,2026-06-21T20:02:36,CLR-1029,P5,1,ZERO,2.0,0.0
TXN-000550,CART-40A74C5F,2026-06-21T20:04:14,CLR-1029,P2,1,SALE,3.2,3.2
TXN-000559,CART-62F91626,2026-06-21T20:09:45,CLR-1029,P5,1,SALE,2.0,2.0
TXN-000555,CART-2FA6C9FD,2026-06-21T20:35:36,CLR-1029,P2,1,SALE,3.2,3.2
TXN-000567,CART-71366B48,2026-06-21T20:40:30,CLR-1029,P6,1,ZERO,4.5,0.0
TXN-000585,CART-EA87A111,2026-06-22T08:16:05,CLR-1029,P3,1,SALE,2.5,2.5
TXN-000591,CART-6EDB136D,2026-06-22T08:22:11,CLR-1029,P7,1,SALE,6.0,6.0
TXN-000573,CART-0586B09E,2026-06-22T09:27:08,CLR-1029,P2,1,SALE,3.2,3.2
TXN-000594,CART-3F9E29AE,2026-06-22T09:46:57,CLR-1029,P8,1,ZERO,2.8,0.0
TXN-000572,CART-BCA17630,2026-06-22T10:56:26,CLR-1029,P1,1,SALE,3.2,3.2
TXN-000583,CART-065991EE,2026-06-22T11:14:19,CLR-1029,P2,1,SALE,3.2,3.2
TXN-000576,CART-829CB4F2,2026-06-22T11:31:19,CLR-1029,P2,1,SALE,3.2,3.2
TXN-000581,CART-D93391FC,2026-06-22T11:54:47,CLR-1029,P2,1,SALE,3.2,3.2
TXN-000574,CART-9FA4EB63,2026-06-22T12:04:00,CLR-1029,P2,1,SALE,3.2,3.2
TXN-000578,CART-3A0EFF84,2026-06-22T14:28:02,CLR-1029,P2,1,SALE,3.2,3.2
TXN-000582,CART-97577F59,2026-06-22T15:11:20,CLR-1029,P2,1,SALE,3.2,3.2
TXN-000589,CART-783239FF,2026-06-22T15:20:15,CLR-1029,P6,1,ZERO,4.5,0.0
TXN-000590,CART-7361255E,2026-06-22T15:35:54,CLR-1029,P6,1,ZERO,4.5,0.0
TXN-000575,CART-20B78316,2026-06-22T15:53:37,CLR-1029,P2,1,SALE,3.2,3.2
TXN-000587,CART-91F5E167,2026-06-22T16:00:38,CLR-1029,P6,1,ZERO,4.5,0.0
TXN-000593,CART-02FDAE1E,2026-06-22T18:29:09,CLR-1029,P8,1,ZERO,2.8,0.0
TXN-000588,CART-6E39A0E9,2026-06-22T18:46:05,CLR-1029,P6,1,ZERO,4.5,0.0
TXN-000579,CART-B6ABDE2F,2026-06-22T19:11:50,CLR-1029,P2,1,SALE,3.2,3.2
TXN-000580,CART-E27B0E88,2026-06-22T19:14:36,CLR-1029,P2,1,SALE,3.2,3.2
TXN-000584,CART-208F26D2,2026-06-22T19:43:01,CLR-1029,P3,1,SALE,2.5,2.5
TXN-000592,CART-91416577,2026-06-22T20:24:21,CLR-1029,P7,1,SALE,6.0,6.0
TXN-000595,CART-79331EBF,2026-06-22T20:30:50,CLR-1029,P8,1,SALE,2.8,2.8
TXN-000586,CART-77028906,2026-06-22T20:44:31,CLR-1029,P6,1,ZERO,4.5,0.0
TXN-000577,CART-E4CE81DC,2026-06-22T20:59:33,CLR-1029,P2,1,SALE,3.2,3.2
TXN-000598,CART-8972FC85,2026-06-23T08:37:09,CLR-1029,P2,1,SALE,3.2,3.2
TXN-000604,CART-2E9C5538,2026-06-23T08:47:43,CLR-1029,P2,1,SALE,3.2,3.2
TXN-000600,CART-453CCF36,2026-06-23T09:15:42,CLR-1029,P2,1,SALE,3.2,3.2
TXN-000619,CART-82E37057,2026-06-23T09:33:06,CLR-1029,P6,1,ZERO,4.5,0.0
TXN-000620,CART-5B6352F1,2026-06-23T10:09:38,CLR-1029,P6,1,ZERO,4.5,0.0
TXN-000607,CART-77581069,2026-06-23T10:23:42,CLR-1029,P2,1,SALE,3.2,3.2
TXN-000611,CART-2432DBFC,2026-06-23T10:38:59,CLR-1029,P2,1,SALE,3.2,3.2
TXN-000617,CART-1865789E,2026-06-23T11:15:20,CLR-1029,P6,1,ZERO,4.5,0.0
TXN-000623,CART-359AF91D,2026-06-23T11:23:03,CLR-1029,P8,1,SALE,2.8,2.8
TXN-000605,CART-FFF8F0C7,2026-06-23T11:55:45,CLR-1029,P2,1,SALE,3.2,3.2
TXN-000614,CART-578ADABF,2026-06-23T12:25:46,CLR-1029,P5,1,SALE,2.0,2.0
TXN-000601,CART-61F833EE,2026-06-23T13:21:19,CLR-1029,P2,1,SALE,3.2,3.2
TXN-000615,CART-D3A7FA04,2026-06-23T13:22:50,CLR-1029,P5,1,SALE,2.0,2.0
TXN-000602,CART-545012AE,2026-06-23T13:39:39,CLR-1029,P2,1,SALE,3.2,3.2
TXN-000613,CART-E487138F,2026-06-23T14:20:25,CLR-1029,P5,1,SALE,2.0,2.0
TXN-000606,CART-033AABE6,2026-06-23T15:28:05,CLR-1029,P2,1,SALE,3.2,3.2
TXN-000612,CART-6B575D7D,2026-06-23T15:45:42,CLR-1029,P5,1,SALE,2.0,2.0
TXN-000616,CART-5A5A25D1,2026-06-23T16:05:58,CLR-1029,P5,1,SALE,2.0,2.0
TXN-000621,CART-D59C7323,2026-06-23T17:58:59,CLR-1029,P6,1,ZERO,4.5,0.0
TXN-000599,CART-60FBB414,2026-06-23T18:11:31,CLR-1029,P2,1,SALE,3.2,3.2
TXN-000610,CART-C01E04C9,2026-06-23T18:31:57,CLR-1029,P2,1,SALE,3.2,3.2
TXN-000609,CART-4AEC9C6A,2026-06-23T18:36:06,CLR-1029,P2,1,SALE,3.2,3.2
TXN-000618,CART-7B76A0CB,2026-06-23T19:18:31,CLR-1029,P6,1,ZERO,4.5,0.0
TXN-000596,CART-6B40853F,2026-06-23T19:46:43,CLR-1029,P1,1,SALE,3.2,3.2
TXN-000608,CART-E4B35DE4,2026-06-23T19:52:06,CLR-1029,P2,1,SALE,3.2,3.2
TXN-000622,CART-1441CBE1,2026-06-23T20:04:29,CLR-1029,P7,1,SALE,6.0,6.0
TXN-000597,CART-1700DB74,2026-06-23T20:33:10,CLR-1029,P1,1,SALE,3.2,3.2
TXN-000603,CART-1242B90F,2026-06-23T20:54:21,CLR-1029,P2,1,SALE,3.2,3.2
TXN-000642,CART-5AE9619E,2026-06-24T08:16:50,CLR-1029,P6,1,ZERO,4.5,0.0
TXN-000631,CART-84697A12,2026-06-24T10:02:45,CLR-1029,P2,1,SALE,3.2,3.2
TXN-000629,CART-08F4C61F,2026-06-24T12:23:48,CLR-1029,P2,1,SALE,3.2,3.2
TXN-000641,CART-D816DD75,2026-06-24T12:28:53,CLR-1029,P6,1,ZERO,4.5,0.0
TXN-000637,CART-35BCA1AA,2026-06-24T13:36:56,CLR-1029,P5,1,SALE,2.0,2.0
TXN-000625,CART-D0EDAFED,2026-06-24T13:42:03,CLR-1029,P1,1,SALE,3.2,3.2
TXN-000636,CART-B1837BA2,2026-06-24T13:45:19,CLR-1029,P3,1,SALE,2.5,2.5
TXN-000635,CART-7FC97FC9,2026-06-24T13:46:12,CLR-1029,P3,1,SALE,2.5,2.5
TXN-000639,CART-C88F5731,2026-06-24T13:57:43,CLR-1029,P6,1,ZERO,4.5,0.0
TXN-000634,CART-2BEB1D0C,2026-06-24T14:08:51,CLR-1029,P3,1,SALE,2.5,2.5
TXN-000624,CART-3B7C466F,2026-06-24T15:25:52,CLR-1029,P1,1,SALE,3.2,3.2
TXN-000628,CART-15CFC91E,2026-06-24T16:10:27,CLR-1029,P2,1,SALE,3.2,3.2
TXN-000644,CART-3B85BF41,2026-06-24T16:15:01,CLR-1029,P8,1,SALE,2.8,2.8
TXN-000640,CART-F74BCC36,2026-06-24T16:37:22,CLR-1029,P6,1,SALE,4.5,4.5
TXN-000627,CART-C3D6D35E,2026-06-24T17:18:42,CLR-1029,P2,1,SALE,3.2,3.2
TXN-000632,CART-155E7F5E,2026-06-24T18:06:40,CLR-1029,P2,1,SALE,3.2,3.2
TXN-000638,CART-8F3DCE8B,2026-06-24T18:10:11,CLR-1029,P6,1,ZERO,4.5,0.0
TXN-000643,CART-437BF167,2026-06-24T19:11:34,CLR-1029,P8,1,SALE,2.8,2.8
TXN-000626,CART-DE9E6C15,2026-06-24T19:24:07,CLR-1029,P1,1,SALE,3.2,3.2
TXN-000630,CART-B3DBEEDC,2026-06-24T19:25:12,CLR-1029,P2,1,SALE,3.2,3.2
TXN-000633,CART-E07FFF10,2026-06-24T20:21:03,CLR-1029,P2,1,SALE,3.2,3.2
TXN-000654,CART-DFDA7EBD,2026-06-25T08:00:59,CLR-1029,P2,1,SALE,3.2,3.2
TXN-000661,CART-3C9D4896,2026-06-25T08:04:27,CLR-1029,P3,1,SALE,2.5,2.5
TXN-000662,CART-B2A18E5B,2026-06-25T08:07:02,CLR-1029,P5,1,SALE,2.0,2.0
TXN-000656,CART-67B12B34,2026-06-25T08:51:45,CLR-1029,P2,1,SALE,3.2,3.2
TXN-000667,CART-057E1D90,2026-06-25T09:53:57,CLR-1029,P6,1,SALE,4.5,4.5
TXN-000658,CART-1A7B1FA3,2026-06-25T10:34:11,CLR-1029,P3,1,SALE,2.5,2.5
TXN-000668,CART-6748E704,2026-06-25T11:03:06,CLR-1029,P8,1,SALE,2.8,2.8
TXN-000652,CART-DF7E8360,2026-06-25T11:16:21,CLR-1029,P2,1,SALE,3.2,3.2
TXN-000666,CART-8DEE0451,2026-06-25T11:41:59,CLR-1029,P6,1,ZERO,4.5,0.0
TXN-000665,CART-E059A5A3,2026-06-25T12:04:24,CLR-1029,P6,1,ZERO,4.5,0.0
TXN-000648,CART-5DF76CB0,2026-06-25T12:08:09,CLR-1029,P1,1,ZERO,3.2,0.0
TXN-000655,CART-43CB8972,2026-06-25T12:32:31,CLR-1029,P2,1,SALE,3.2,3.2
TXN-000660,CART-A2448FDE,2026-06-25T13:20:15,CLR-1029,P3,1,SALE,2.5,2.5
TXN-000650,CART-12A638CB,2026-06-25T14:15:36,CLR-1029,P1,1,SALE,3.2,3.2
TXN-000651,CART-694F5519,2026-06-25T14:54:21,CLR-1029,P2,1,SALE,3.2,3.2
TXN-000663,CART-8C4CD588,2026-06-25T15:10:35,CLR-1029,P5,1,SALE,2.0,2.0
TXN-000645,CART-41DB44EC,2026-06-25T17:03:49,CLR-1029,P1,1,SALE,3.2,3.2
TXN-000653,CART-D3711FEF,2026-06-25T17:10:58,CLR-1029,P2,1,SALE,3.2,3.2
TXN-000657,CART-811F60B8,2026-06-25T17:59:43,CLR-1029,P2,1,SALE,3.2,3.2
TXN-000659,CART-6B7B29B2,2026-06-25T18:25:18,CLR-1029,P3,1,SALE,2.5,2.5
TXN-000649,CART-0AE16227,2026-06-25T19:27:25,CLR-1029,P1,1,SALE,3.2,3.2
TXN-000647,CART-A0577EFF,2026-06-25T19:40:43,CLR-1029,P1,1,SALE,3.2,3.2
TXN-000664,CART-CA564C7E,2026-06-25T20:41:55,CLR-1029,P5,1,SALE,2.0,2.0
TXN-000646,CART-2C03A4DA,2026-06-25T20:42:28,CLR-1029,P1,1,SALE,3.2,3.2
TXN-000686,CART-93490568,2026-06-26T08:58:03,CLR-1029,P8,1,SALE,2.8,2.8
TXN-000682,CART-09BE8847,2026-06-26T09:06:01,CLR-1029,P6,1,ZERO,4.5,0.0
TXN-000676,CART-FBE9E74A,2026-06-26T09:06:24,CLR-1029,P2,1,SALE,3.2,3.2
TXN-000670,CART-EAF64CE6,2026-06-26T09:37:09,CLR-1029,P1,1,SALE,3.2,3.2
TXN-000671,CART-2357BD85,2026-06-26T11:20:46,CLR-1029,P2,1,SALE,3.2,3.2
TXN-000677,CART-85A99CF5,2026-06-26T11:44:50,CLR-1029,P2,1,SALE,3.2,3.2
TXN-000687,CART-75CED25C,2026-06-26T12:15:41,CLR-1029,P8,1,SALE,2.8,2.8
TXN-000669,CART-CCB2D6F1,2026-06-26T12:35:51,CLR-1029,P1,1,SALE,3.2,3.2
TXN-000683,CART-12226624,2026-06-26T13:45:51,CLR-1029,P6,1,ZERO,4.5,0.0
TXN-000672,CART-61C7CCBE,2026-06-26T14:18:50,CLR-1029,P2,1,SALE,3.2,3.2
TXN-000684,CART-9B665845,2026-06-26T14:26:32,CLR-1029,P6,1,ZERO,4.5,0.0
TXN-000685,CART-AE2BACB7,2026-06-26T14:46:04,CLR-1029,P6,1,ZERO,4.5,0.0
TXN-000674,CART-232964D4,2026-06-26T14:47:11,CLR-1029,P2,1,SALE,3.2,3.2
TXN-000679,CART-8946268E,2026-06-26T17:00:23,CLR-1029,P3,1,SALE,2.5,2.5
TXN-000675,CART-48B8421C,2026-06-26T17:32:32,CLR-1029,P2,1,SALE,3.2,3.2
TXN-000681,CART-64A644A5,2026-06-26T19:07:14,CLR-1029,P5,1,SALE,2.0,2.0
TXN-000678,CART-68097982,2026-06-26T19:36:56,CLR-1029,P2,1,SALE,3.2,3.2
TXN-000680,CART-657D7F73,2026-06-26T19:40:19,CLR-1029,P3,1,ZERO,2.5,0.0
TXN-000673,CART-6F5FDC09,2026-06-26T20:37:45,CLR-1029,P2,1,SALE,3.2,3.2
TXN-000693,CART-8F056073,2026-06-27T08:43:38,CLR-1029,P2,1,SALE,3.2,3.2
TXN-000688,CART-92D00421,2026-06-27T09:19:10,CLR-1029,P1,1,SALE,3.2,3.2
TXN-000696,CART-AAF0C61B,2026-06-27T09:43:22,CLR-1029,P2,1,SALE,3.2,3.2
TXN-000713,CART-005F92A9,2026-06-27T09:53:10,CLR-1029,P8,1,SALE,2.8,2.8
TXN-000707,CART-D5AD70AD,2026-06-27T10:12:42,CLR-1029,P6,1,ZERO,4.5,0.0
TXN-000698,CART-751B92B6,2026-06-27T10:31:59,CLR-1029,P2,1,SALE,3.2,3.2
TXN-000690,CART-3F7B3306,2026-06-27T10:33:56,CLR-1029,P1,1,SALE,3.2,3.2
TXN-000691,CART-6AF5AAAA,2026-06-27T11:10:33,CLR-1029,P1,1,SALE,3.2,3.2
TXN-000692,CART-55F4F94A,2026-06-27T11:35:32,CLR-1029,P1,1,SALE,3.2,3.2
TXN-000703,CART-A58E8ED2,2026-06-27T11:51:16,CLR-1029,P5,1,SALE,2.0,2.0
TXN-000710,CART-403A6058,2026-06-27T12:01:22,CLR-1029,P6,1,ZERO,4.5,0.0
TXN-000705,CART-F70C167C,2026-06-27T12:09:12,CLR-1029,P5,1,SALE,2.0,2.0
TXN-000695,CART-C3B7046E,2026-06-27T12:47:20,CLR-1029,P2,1,SALE,3.2,3.2
TXN-000706,CART-87C21FD2,2026-06-27T13:04:19,CLR-1029,P5,1,SALE,2.0,2.0
TXN-000699,CART-76748F65,2026-06-27T13:54:14,CLR-1029,P2,1,SALE,3.2,3.2
TXN-000714,CART-D05FF668,2026-06-27T13:56:39,CLR-1029,P8,1,SALE,2.8,2.8
TXN-000704,CART-96E6E08B,2026-06-27T14:30:45,CLR-1029,P5,1,SALE,2.0,2.0
TXN-000708,CART-03F7566E,2026-06-27T16:11:27,CLR-1029,P6,1,ZERO,4.5,0.0
TXN-000712,CART-362DAEBE,2026-06-27T16:38:08,CLR-1029,P7,1,SALE,6.0,6.0
TXN-000709,CART-265A608D,2026-06-27T17:03:12,CLR-1029,P6,1,ZERO,4.5,0.0
TXN-000689,CART-E11B4EBC,2026-06-27T17:22:16,CLR-1029,P1,1,SALE,3.2,3.2
TXN-000694,CART-F861D778,2026-06-27T18:39:26,CLR-1029,P2,1,SALE,3.2,3.2
TXN-000697,CART-8BB4B298,2026-06-27T18:47:47,CLR-1029,P2,1,SALE,3.2,3.2
TXN-000701,CART-2BB36D4B,2026-06-27T20:24:46,CLR-1029,P3,1,SALE,2.5,2.5
TXN-000711,CART-1B72FC91,2026-06-27T20:31:43,CLR-1029,P6,1,ZERO,4.5,0.0
TXN-000700,CART-6BA49BC5,2026-06-27T20:49:50,CLR-1029,P2,1,SALE,3.2,3.2
TXN-000702,CART-0EA95071,2026-06-27T20:57:53,CLR-1029,P5,1,SALE,2.0,2.0
TXN-000737,CART-FFECA431,2026-06-28T08:22:00,CLR-1029,P2,1,SALE,3.2,3.2
TXN-000727,CART-CA1CEDC8,2026-06-28T09:02:04,CLR-1029,P2,1,SALE,3.2,3.2
TXN-000748,CART-D219CE59,2026-06-28T09:32:36,CLR-1029,P6,1,ZERO,4.5,0.0
TXN-000725,CART-9DCD1A92,2026-06-28T09:35:12,CLR-1029,P2,1,SALE,3.2,3.2
TXN-000739,CART-E505E35D,2026-06-28T09:36:50,CLR-1029,P2,1,SALE,3.2,3.2
TXN-000742,CART-65705DE4,2026-06-28T10:30:55,CLR-1029,P3,1,SALE,2.5,2.5
TXN-000719,CART-1F620E06,2026-06-28T10:59:59,CLR-1029,P2,1,SALE,3.2,3.2
TXN-000734,CART-AE8A501D,2026-06-28T11:04:11,CLR-1029,P2,1,SALE,3.2,3.2
TXN-000741,CART-819CA653,2026-06-28T11:11:06,CLR-1029,P3,1,SALE,2.5,2.5
TXN-000749,CART-F5B88A48,2026-06-28T11:24:56,CLR-1029,P8,1,SALE,2.8,2.8
TXN-000729,CART-11D1C2E5,2026-06-28T13:28:26,CLR-1029,P2,1,SALE,3.2,3.2
TXN-000724,CART-2DDD87E1,2026-06-28T13:30:26,CLR-1029,P2,1,SALE,3.2,3.2
TXN-000717,CART-BCCD2762,2026-06-28T13:37:21,CLR-1029,P2,1,SALE,3.2,3.2
TXN-000728,CART-8F88AF94,2026-06-28T13:42:46,CLR-1029,P2,1,SALE,3.2,3.2
TXN-000744,CART-48311F91,2026-06-28T13:54:42,CLR-1029,P5,1,SALE,2.0,2.0
TXN-000732,CART-7F53C3AB,2026-06-28T13:56:11,CLR-1029,P2,1,SALE,3.2,3.2
TXN-000743,CART-8129090C,2026-06-28T14:01:29,CLR-1029,P5,1,SALE,2.0,2.0
TXN-000747,CART-5817CE01,2026-06-28T14:35:01,CLR-1029,P6,1,ZERO,4.5,0.0
TXN-000716,CART-136224F9,2026-06-28T15:31:40,CLR-1029,P1,1,SALE,3.2,3.2
TXN-000738,CART-FC7C19D0,2026-06-28T15:46:29,CLR-1029,P2,1,SALE,3.2,3.2
TXN-000731,CART-A518320B,2026-06-28T15:53:32,CLR-1029,P2,1,SALE,3.2,3.2
TXN-000740,CART-50F91692,2026-06-28T16:01:47,CLR-1029,P3,1,SALE,2.5,2.5
TXN-000715,CART-664AE5A7,2026-06-28T16:27:06,CLR-1029,P1,1,SALE,3.2,3.2
TXN-000730,CART-C9EE6705,2026-06-28T16:28:14,CLR-1029,P2,1,SALE,3.2,3.2
TXN-000720,CART-02F2921A,2026-06-28T16:32:21,CLR-1029,P2,1,SALE,3.2,3.2
TXN-000718,CART-E26AAFE8,2026-06-28T16:47:57,CLR-1029,P2,1,SALE,3.2,3.2
TXN-000721,CART-7E45199B,2026-06-28T17:08:29,CLR-1029,P2,1,SALE,3.2,3.2
TXN-000726,CART-BC03DD9E,2026-06-28T17:28:49,CLR-1029,P2,1,SALE,3.2,3.2
TXN-000745,CART-637F01B5,2026-06-28T17:35:02,CLR-1029,P6,1,ZERO,4.5,0.0
TXN-000735,CART-1C3A8C62,2026-06-28T17:50:52,CLR-1029,P2,1,SALE,3.2,3.2
TXN-000723,CART-E20664FB,2026-06-28T18:10:23,CLR-1029,P2,1,SALE,3.2,3.2
TXN-000722,CART-6CF24C9C,2026-06-28T18:17:44,CLR-1029,P2,1,SALE,3.2,3.2
TXN-000733,CART-C8F4AFB2,2026-06-28T18:39:58,CLR-1029,P2,1,SALE,3.2,3.2
TXN-000736,CART-3285B6C7,2026-06-28T19:26:14,CLR-1029,P2,1,SALE,3.2,3.2
TXN-000746,CART-90703CE0,2026-06-28T21:00:10,CLR-1029,P6,1,ZERO,4.5,0.0
TXN-000762,CART-AE9DD42E,2026-06-29T10:48:48,CLR-1029,P3,1,SALE,2.5,2.5
TXN-000757,CART-171E1FFD,2026-06-29T10:48:59,CLR-1029,P2,1,SALE,3.2,3.2
TXN-000770,CART-A661C1C4,2026-06-29T11:34:00,CLR-1029,P6,1,ZERO,4.5,0.0
TXN-000751,CART-18625AFF,2026-06-29T11:41:24,CLR-1029,P1,1,SALE,3.2,3.2
TXN-000753,CART-839D4DD9,2026-06-29T11:52:16,CLR-1029,P2,1,SALE,3.2,3.2
TXN-000756,CART-4D93B256,2026-06-29T12:15:25,CLR-1029,P2,1,SALE,3.2,3.2
TXN-000754,CART-FCB15A6A,2026-06-29T12:34:03,CLR-1029,P2,1,SALE,3.2,3.2
TXN-000750,CART-3DC523D2,2026-06-29T13:07:17,CLR-1029,P1,1,SALE,3.2,3.2
TXN-000765,CART-7AC8CF40,2026-06-29T13:12:11,CLR-1029,P5,1,SALE,2.0,2.0
TXN-000764,CART-963A25D3,2026-06-29T13:14:21,CLR-1029,P5,1,SALE,2.0,2.0
TXN-000772,CART-BEDFF02D,2026-06-29T14:43:24,CLR-1029,P8,1,SALE,2.8,2.8
TXN-000766,CART-F3F54350,2026-06-29T16:49:13,CLR-1029,P6,1,ZERO,4.5,0.0
TXN-000763,CART-E13E4AFB,2026-06-29T16:55:03,CLR-1029,P5,1,SALE,2.0,2.0
TXN-000767,CART-CA016B67,2026-06-29T17:41:58,CLR-1029,P6,1,ZERO,4.5,0.0
TXN-000752,CART-644C2E0F,2026-06-29T17:53:02,CLR-1029,P2,1,SALE,3.2,3.2
TXN-000759,CART-17A955BD,2026-06-29T18:22:56,CLR-1029,P2,1,SALE,3.2,3.2
TXN-000771,CART-36391856,2026-06-29T18:34:29,CLR-1029,P6,1,ZERO,4.5,0.0
TXN-000761,CART-22954EE5,2026-06-29T19:59:43,CLR-1029,P3,1,SALE,2.5,2.5
TXN-000768,CART-AB878255,2026-06-29T20:10:07,CLR-1029,P6,1,ZERO,4.5,0.0
TXN-000755,CART-56450BA0,2026-06-29T20:26:07,CLR-1029,P2,1,SALE,3.2,3.2
TXN-000758,CART-0AB1DD2A,2026-06-29T20:34:25,CLR-1029,P2,1,SALE,3.2,3.2
TXN-000760,CART-1828CFF1,2026-06-29T20:40:47,CLR-1029,P3,1,ZERO,2.5,0.0
TXN-000769,CART-6FB322D2,2026-06-29T20:54:27,CLR-1029,P6,1,ZERO,4.5,0.0
TXN-000789,CART-365F49F1,2026-06-30T08:04:59,CLR-1029,P6,1,ZERO,4.5,0.0
TXN-000791,CART-C5FC6AE4,2026-06-30T08:26:28,CLR-1029,P6,1,ZERO,4.5,0.0
TXN-000793,CART-0F8E66E2,2026-06-30T09:05:30,CLR-1029,P7,1,SALE,6.0,6.0
TXN-000788,CART-209EC29D,2026-06-30T09:14:17,CLR-1029,P6,1,ZERO,4.5,0.0
TXN-000796,CART-E08C3690,2026-06-30T09:39:19,CLR-1029,P8,1,SALE,2.8,2.8
TXN-000780,CART-F297ADFC,2026-06-30T10:34:40,CLR-1029,P2,1,SALE,3.2,3.2
TXN-000779,CART-1F5D88C8,2026-06-30T11:05:33,CLR-1029,P2,1,SALE,3.2,3.2
TXN-000776,CART-8D1DC123,2026-06-30T11:33:37,CLR-1029,P2,1,SALE,3.2,3.2
TXN-000795,CART-55DD603D,2026-06-30T11:41:21,CLR-1029,P8,1,ZERO,2.8,0.0
TXN-000784,CART-8D7E6D50,2026-06-30T11:46:59,CLR-1029,P5,1,SALE,2.0,2.0
TXN-000775,CART-7D07F9D2,2026-06-30T12:26:52,CLR-1029,P2,1,SALE,3.2,3.2
TXN-000778,CART-0C0B2855,2026-06-30T12:43:51,CLR-1029,P2,1,SALE,3.2,3.2
TXN-000773,CART-874EFB23,2026-06-30T13:06:27,CLR-1029,P2,1,SALE,3.2,3.2
TXN-000792,CART-23A78DB0,2026-06-30T14:36:23,CLR-1029,P6,1,ZERO,4.5,0.0
TXN-000786,CART-315F1CED,2026-06-30T14:45:24,CLR-1029,P6,1,ZERO,4.5,0.0
TXN-000790,CART-1C01774F,2026-06-30T15:06:27,CLR-1029,P6,1,ZERO,4.5,0.0
TXN-000782,CART-BEF5C2C5,2026-06-30T16:07:19,CLR-1029,P3,1,SALE,2.5,2.5
TXN-000781,CART-D187E253,2026-06-30T16:13:44,CLR-1029,P2,1,SALE,3.2,3.2
TXN-000785,CART-CAF31D9E,2026-06-30T16:23:04,CLR-1029,P5,1,SALE,2.0,2.0
TXN-000777,CART-37B0C5C8,2026-06-30T17:56:19,CLR-1029,P2,1,SALE,3.2,3.2
TXN-000794,CART-93B7450B,2026-06-30T18:15:49,CLR-1029,P8,1,SALE,2.8,2.8
TXN-000774,CART-BF1F66E3,2026-06-30T18:46:07,CLR-1029,P2,1,SALE,3.2,3.2
TXN-000787,CART-265F4147,2026-06-30T19:28:03,CLR-1029,P6,1,ZERO,4.5,0.0
TXN-000783,CART-6019D012,2026-06-30T20:31:47,CLR-1029,P5,1,SALE,2.0,2.0
TXN-000802,CART-6165DAA2,2026-07-01T08:11:07,CLR-1029,P2,1,SALE,3.2,3.2
TXN-000809,CART-299632B8,2026-07-01T09:22:30,CLR-1029,P5,1,SALE,2.0,2.0
TXN-000815,CART-421CCD3C,2026-07-01T09:53:23,CLR-1029,P8,1,SALE,2.8,2.8
TXN-000804,CART-812A1151,2026-07-01T10:03:27,CLR-1029,P2,1,SALE,3.2,3.2
TXN-000803,CART-832CBCDE,2026-07-01T10:12:25,CLR-1029,P2,1,SALE,3.2,3.2
TXN-000806,CART-9273D59A,2026-07-01T10:19:17,CLR-1029,P3,1,SALE,2.5,2.5
TXN-000798,CART-53B48C96,2026-07-01T10:54:46,CLR-1029,P2,1,SALE,3.2,3.2
TXN-000807,CART-7BD968FC,2026-07-01T11:20:39,CLR-1029,P3,1,SALE,2.5,2.5
TXN-000811,CART-1086446E,2026-07-01T12:04:12,CLR-1029,P6,1,ZERO,4.5,0.0
TXN-000808,CART-301AD6BF,2026-07-01T13:05:04,CLR-1029,P5,1,SALE,2.0,2.0
TXN-000814,CART-CA0C0CEA,2026-07-01T14:51:55,CLR-1029,P8,1,SALE,2.8,2.8
TXN-000805,CART-53DBB340,2026-07-01T14:54:26,CLR-1029,P2,1,SALE,3.2,3.2
TXN-000800,CART-18A8CD8B,2026-07-01T15:09:43,CLR-1029,P2,1,SALE,3.2,3.2
TXN-000810,CART-DA3F37BA,2026-07-01T15:38:24,CLR-1029,P6,1,SALE,4.5,4.5
TXN-000799,CART-137C566E,2026-07-01T16:12:23,CLR-1029,P2,1,SALE,3.2,3.2
TXN-000797,CART-B82A8EB6,2026-07-01T18:37:50,CLR-1029,P1,1,SALE,3.2,3.2
TXN-000801,CART-B7C7ED01,2026-07-01T19:12:32,CLR-1029,P2,1,SALE,3.2,3.2
TXN-000812,CART-983CC1DD,2026-07-01T20:25:30,CLR-1029,P7,1,SALE,6.0,6.0
TXN-000813,CART-4F576381,2026-07-01T20:45:20,CLR-1029,P8,1,ZERO,2.8,0.0
TXN-000818,CART-E841ECE3,2026-07-02T08:58:08,CLR-1029,P2,1,SALE,3.2,3.2
TXN-000834,CART-5AEF6E10,2026-07-02T09:18:07,CLR-1029,P6,1,SALE,4.5,4.5
TXN-000823,CART-DB69EE56,2026-07-02T09:43:12,CLR-1029,P2,1,SALE,3.2,3.2
TXN-000833,CART-CB34EF1B,2026-07-02T10:25:38,CLR-1029,P6,1,ZERO,4.5,0.0
TXN-000830,CART-23A3A09A,2026-07-02T11:07:08,CLR-1029,P3,1,SALE,2.5,2.5
TXN-000838,CART-0E46E61C,2026-07-02T11:49:05,CLR-1029,P7,1,SALE,6.0,6.0
TXN-000828,CART-C9E9B8C8,2026-07-02T12:20:57,CLR-1029,P2,1,SALE,3.2,3.2
TXN-000819,CART-E5BF9D8D,2026-07-02T12:33:43,CLR-1029,P2,1,SALE,3.2,3.2
TXN-000835,CART-3CEEF3BE,2026-07-02T12:50:58,CLR-1029,P6,1,ZERO,4.5,0.0
TXN-000817,CART-3A647BAC,2026-07-02T13:18:55,CLR-1029,P1,1,SALE,3.2,3.2
TXN-000840,CART-1172C0BD,2026-07-02T13:19:44,CLR-1029,P8,1,SALE,2.8,2.8
TXN-000816,CART-44E7F925,2026-07-02T13:25:21,CLR-1029,P1,1,SALE,3.2,3.2
TXN-000824,CART-AB9433E5,2026-07-02T13:53:00,CLR-1029,P2,1,SALE,3.2,3.2
TXN-000836,CART-7B6BCB44,2026-07-02T15:10:29,CLR-1029,P6,1,ZERO,4.5,0.0
TXN-000831,CART-7FAF7DD3,2026-07-02T15:35:11,CLR-1029,P5,1,SALE,2.0,2.0
TXN-000837,CART-0DF92CDE,2026-07-02T16:01:23,CLR-1029,P6,1,ZERO,4.5,0.0
TXN-000820,CART-A1CE3D8C,2026-07-02T16:43:49,CLR-1029,P2,1,SALE,3.2,3.2
TXN-000826,CART-3E823C0D,2026-07-02T16:53:47,CLR-1029,P2,1,SALE,3.2,3.2
TXN-000839,CART-2E13735B,2026-07-02T17:22:29,CLR-1029,P8,1,ZERO,2.8,0.0
TXN-000827,CART-B5680D0E,2026-07-02T17:48:10,CLR-1029,P2,1,SALE,3.2,3.2
TXN-000829,CART-7E56CD21,2026-07-02T17:58:03,CLR-1029,P3,1,SALE,2.5,2.5
TXN-000832,CART-27F5D91E,2026-07-02T18:02:04,CLR-1029,P5,1,SALE,2.0,2.0
TXN-000822,CART-22A806B6,2026-07-02T19:18:44,CLR-1029,P2,1,SALE,3.2,3.2
TXN-000825,CART-AE03F52A,2026-07-02T19:34:10,CLR-1029,P2,1,SALE,3.2,3.2
TXN-000841,CART-BFE3E270,2026-07-02T20:30:41,CLR-1029,P8,1,ZERO,2.8,0.0
TXN-000821,CART-EF89DB1F,2026-07-02T20:52:47,CLR-1029,P2,1,SALE,3.2,3.2
TXN-000845,CART-89AD055B,2026-07-03T08:20:26,CLR-1029,P2,1,SALE,3.2,3.2
TXN-000857,CART-F1695552,2026-07-03T08:37:38,CLR-1029,P5,1,SALE,2.0,2.0
TXN-000860,CART-E90CC443,2026-07-03T09:30:47,CLR-1029,P6,1,ZERO,4.5,0.0
TXN-000849,CART-121CE61B,2026-07-03T10:35:19,CLR-1029,P2,1,SALE,3.2,3.2
TXN-000853,CART-E0198929,2026-07-03T11:10:53,CLR-1029,P2,1,SALE,3.2,3.2
TXN-000850,CART-79A267D1,2026-07-03T12:06:48,CLR-1029,P2,1,SALE,3.2,3.2
TXN-000856,CART-4E2D00F0,2026-07-03T12:14:16,CLR-1029,P5,1,SALE,2.0,2.0
TXN-000863,CART-2F40C8FC,2026-07-03T12:37:53,CLR-1029,P6,1,ZERO,4.5,0.0
TXN-000858,CART-8FCD459E,2026-07-03T13:05:36,CLR-1029,P5,1,SALE,2.0,2.0
TXN-000851,CART-5A2D8397,2026-07-03T13:17:18,CLR-1029,P2,1,SALE,3.2,3.2
TXN-000859,CART-EEE9E432,2026-07-03T13:38:08,CLR-1029,P6,1,ZERO,4.5,0.0
TXN-000843,CART-B622E676,2026-07-03T13:59:15,CLR-1029,P2,1,SALE,3.2,3.2
TXN-000862,CART-9BEE4C27,2026-07-03T14:47:20,CLR-1029,P6,1,ZERO,4.5,0.0
TXN-000854,CART-79D66941,2026-07-03T16:19:44,CLR-1029,P3,1,SALE,2.5,2.5
TXN-000852,CART-91AD54B5,2026-07-03T16:30:36,CLR-1029,P2,1,SALE,3.2,3.2
TXN-000855,CART-FE55D7D8,2026-07-03T17:02:38,CLR-1029,P3,1,SALE,2.5,2.5
TXN-000842,CART-24C0B852,2026-07-03T17:24:58,CLR-1029,P1,1,SALE,3.2,3.2
TXN-000847,CART-DE5F5057,2026-07-03T17:52:20,CLR-1029,P2,1,SALE,3.2,3.2
TXN-000844,CART-09AE5479,2026-07-03T18:25:32,CLR-1029,P2,1,SALE,3.2,3.2
TXN-000861,CART-4A288DD6,2026-07-03T19:12:32,CLR-1029,P6,1,ZERO,4.5,0.0
TXN-000846,CART-07CCF8BD,2026-07-03T19:51:21,CLR-1029,P2,1,SALE,3.2,3.2
TXN-000864,CART-B12863A1,2026-07-03T20:47:12,CLR-1029,P8,1,SALE,2.8,2.8
TXN-000848,CART-1F8C6333,2026-07-03T20:51:03,CLR-1029,P2,1,SALE,3.2,3.2
TXN-000887,CART-8813FF2C,2026-07-04T09:04:42,CLR-1029,P8,1,SALE,2.8,2.8
TXN-000870,CART-E67CA337,2026-07-04T09:36:37,CLR-1029,P2,1,SALE,3.2,3.2
TXN-000876,CART-31494BB3,2026-07-04T09:49:52,CLR-1029,P5,1,SALE,2.0,2.0
TXN-000885,CART-06114F06,2026-07-04T10:08:49,CLR-1029,P7,1,SALE,6.0,6.0
TXN-000878,CART-CEE0F2F7,2026-07-04T10:46:41,CLR-1029,P6,1,ZERO,4.5,0.0
TXN-000868,CART-CB57C57B,2026-07-04T10:51:50,CLR-1029,P2,1,SALE,3.2,3.2
TXN-000866,CART-1ED653B5,2026-07-04T11:20:02,CLR-1029,P1,1,SALE,3.2,3.2
TXN-000880,CART-05464C25,2026-07-04T12:35:13,CLR-1029,P6,1,ZERO,4.5,0.0
TXN-000882,CART-ECC40CCD,2026-07-04T12:42:01,CLR-1029,P6,1,ZERO,4.5,0.0
TXN-000881,CART-16BEE977,2026-07-04T12:55:17,CLR-1029,P6,1,ZERO,4.5,0.0
TXN-000873,CART-78376BEA,2026-07-04T14:03:52,CLR-1029,P2,1,SALE,3.2,3.2
TXN-000871,CART-5C7692FC,2026-07-04T14:04:48,CLR-1029,P2,1,SALE,3.2,3.2
TXN-000872,CART-6EBDF012,2026-07-04T14:25:58,CLR-1029,P2,1,SALE,3.2,3.2
TXN-000869,CART-15AF8D42,2026-07-04T14:49:31,CLR-1029,P2,1,SALE,3.2,3.2
TXN-000883,CART-C6EFCD5B,2026-07-04T15:06:45,CLR-1029,P6,1,ZERO,4.5,0.0
TXN-000865,CART-D9EC4913,2026-07-04T15:13:45,CLR-1029,P1,1,SALE,3.2,3.2
TXN-000879,CART-86EA14B1,2026-07-04T15:42:42,CLR-1029,P6,1,ZERO,4.5,0.0
TXN-000886,CART-C4B625D4,2026-07-04T15:45:09,CLR-1029,P8,1,SALE,2.8,2.8
TXN-000884,CART-2FE22464,2026-07-04T16:25:46,CLR-1029,P6,1,ZERO,4.5,0.0
TXN-000867,CART-586D1293,2026-07-04T16:33:03,CLR-1029,P2,1,SALE,3.2,3.2
TXN-000874,CART-ECEADFC1,2026-07-04T16:35:15,CLR-1029,P2,1,SALE,3.2,3.2
TXN-000875,CART-4AA6D9C4,2026-07-04T17:27:28,CLR-1029,P3,1,SALE,2.5,2.5
TXN-000877,CART-F3486058,2026-07-04T18:07:02,CLR-1029,P6,1,ZERO,4.5,0.0
TXN-000898,CART-46D5399D,2026-07-05T08:48:09,CLR-1029,P2,1,SALE,3.2,3.2
TXN-000893,CART-C5C7DA78,2026-07-05T10:05:17,CLR-1029,P2,1,SALE,3.2,3.2
TXN-000889,CART-2820E509,2026-07-05T10:07:20,CLR-1029,P2,1,SALE,3.2,3.2
TXN-000901,CART-2C817D03,2026-07-05T10:09:19,CLR-1029,P3,1,SALE,2.5,2.5
TXN-000894,CART-DAEC72F0,2026-07-05T10:19:10,CLR-1029,P2,1,SALE,3.2,3.2
TXN-000890,CART-076509F2,2026-07-05T10:23:03,CLR-1029,P2,1,SALE,3.2,3.2
TXN-000904,CART-74F28773,2026-07-05T10:56:59,CLR-1029,P5,1,SALE,2.0,2.0
TXN-000895,CART-CE48AEDD,2026-07-05T10:59:51,CLR-1029,P2,1,SALE,3.2,3.2
TXN-000905,CART-AC89B273,2026-07-05T11:19:03,CLR-1029,P6,1,ZERO,4.5,0.0
TXN-000906,CART-B316527E,2026-07-05T11:32:27,CLR-1029,P6,1,ZERO,4.5,0.0
TXN-000891,CART-6E5AE085,2026-07-05T11:40:38,CLR-1029,P2,1,SALE,3.2,3.2
TXN-000897,CART-7DFFC669,2026-07-05T11:49:26,CLR-1029,P2,1,SALE,3.2,3.2
TXN-000908,CART-CEF394D8,2026-07-05T11:57:35,CLR-1029,P6,1,ZERO,4.5,0.0
TXN-000888,CART-6BE01A89,2026-07-05T12:41:17,CLR-1029,P1,1,SALE,3.2,3.2
TXN-000899,CART-F325F626,2026-07-05T13:51:29,CLR-1029,P2,1,SALE,3.2,3.2
TXN-000902,CART-143C376E,2026-07-05T13:55:31,CLR-1029,P5,1,ZERO,2.0,0.0
TXN-000909,CART-7D03310A,2026-07-05T14:26:32,CLR-1029,P6,1,ZERO,4.5,0.0
TXN-000896,CART-23FDDA05,2026-07-05T16:13:26,CLR-1029,P2,1,SALE,3.2,3.2
TXN-000892,CART-937CCFFD,2026-07-05T17:47:48,CLR-1029,P2,1,SALE,3.2,3.2
TXN-000903,CART-5965C3F3,2026-07-05T18:04:29,CLR-1029,P5,1,SALE,2.0,2.0
TXN-000910,CART-3184C08D,2026-07-05T18:09:25,CLR-1029,P8,1,SALE,2.8,2.8
TXN-000907,CART-5E33FAB2,2026-07-05T19:33:43,CLR-1029,P6,1,ZERO,4.5,0.0
TXN-000900,CART-1F7882AF,2026-07-05T20:36:35,CLR-1029,P3,1,ZERO,2.5,0.0
TXN-000915,CART-87152E94,2026-07-06T08:00:45,CLR-1029,P3,1,SALE,2.5,2.5
TXN-000913,CART-77EAD5E4,2026-07-06T08:24:40,CLR-1029,P2,1,SALE,3.2,3.2
TXN-000919,CART-6AA8672B,2026-07-06T08:24:43,CLR-1029,P5,1,SALE,2.0,2.0
TXN-000927,CART-A5CB6204,2026-07-06T09:19:03,CLR-1029,P6,1,SALE,4.5,4.5
TXN-000916,CART-AF74167E,2026-07-06T09:47:27,CLR-1029,P3,1,SALE,2.5,2.5
TXN-000917,CART-326653AC,2026-07-06T09:54:51,CLR-1029,P3,1,SALE,2.5,2.5
TXN-000914,CART-48E3837E,2026-07-06T10:30:35,CLR-1029,P2,1,SALE,3.2,3.2
TXN-000928,CART-01F2CD47,2026-07-06T10:38:10,CLR-1029,P6,1,ZERO,4.5,0.0
TXN-000926,CART-6DA8C2FB,2026-07-06T11:51:46,CLR-1029,P6,1,ZERO,4.5,0.0
TXN-000921,CART-1D485D44,2026-07-06T14:23:39,CLR-1029,P5,1,SALE,2.0,2.0
TXN-000920,CART-426D7CF0,2026-07-06T14:31:00,CLR-1029,P5,1,SALE,2.0,2.0
TXN-000929,CART-212E41D0,2026-07-06T14:41:26,CLR-1029,P7,1,SALE,6.0,6.0
TXN-000922,CART-A25945AC,2026-07-06T15:20:56,CLR-1029,P5,1,SALE,2.0,2.0
TXN-000923,CART-3BF253D4,2026-07-06T15:21:29,CLR-1029,P6,1,ZERO,4.5,0.0
TXN-000912,CART-3C76439B,2026-07-06T15:29:27,CLR-1029,P2,1,SALE,3.2,3.2
TXN-000918,CART-A2152B3B,2026-07-06T17:09:46,CLR-1029,P3,1,SALE,2.5,2.5
TXN-000930,CART-48F6D922,2026-07-06T18:37:58,CLR-1029,P7,1,SALE,6.0,6.0
TXN-000931,CART-EB4EA8F9,2026-07-06T19:50:12,CLR-1029,P8,1,SALE,2.8,2.8
TXN-000911,CART-9E6DECD9,2026-07-06T19:59:14,CLR-1029,P1,1,SALE,3.2,3.2
TXN-000925,CART-1C2CAE56,2026-07-06T20:28:38,CLR-1029,P6,1,ZERO,4.5,0.0
TXN-000924,CART-0455DC01,2026-07-06T20:40:52,CLR-1029,P6,1,ZERO,4.5,0.0
TXN-000938,CART-97E6CD1F,2026-07-07T08:59:08,CLR-1029,P2,1,SALE,3.2,3.2
TXN-000949,CART-1326B3F5,2026-07-07T09:07:41,CLR-1029,P3,1,SALE,2.5,2.5
TXN-000937,CART-1F92D894,2026-07-07T09:28:43,CLR-1029,P2,1,SALE,3.2,3.2
TXN-000933,CART-3A4623FC,2026-07-07T09:47:20,CLR-1029,P1,1,SALE,3.2,3.2
TXN-000950,CART-F1103CAF,2026-07-07T09:50:14,CLR-1029,P3,1,SALE,2.5,2.5
TXN-000957,CART-F00F20D0,2026-07-07T09:55:28,CLR-1029,P6,1,SALE,4.5,4.5
TXN-000955,CART-8567FBE4,2026-07-07T10:05:15,CLR-1029,P6,1,SALE,4.5,4.5
TXN-000958,CART-AC7E81D7,2026-07-07T10:28:32,CLR-1029,P6,1,ZERO,4.5,0.0
TXN-000962,CART-75DC17A7,2026-07-07T10:46:18,CLR-1029,P6,1,ZERO,4.5,0.0
TXN-000951,CART-94059124,2026-07-07T11:14:36,CLR-1029,P3,1,SALE,2.5,2.5
TXN-000935,CART-50ED2331,2026-07-07T11:24:54,CLR-1029,P2,1,SALE,3.2,3.2
TXN-000959,CART-BD953407,2026-07-07T12:19:07,CLR-1029,P6,1,ZERO,4.5,0.0
TXN-000934,CART-B644B11F,2026-07-07T12:19:36,CLR-1029,P2,1,SALE,3.2,3.2
TXN-000952,CART-9086F62C,2026-07-07T12:32:09,CLR-1029,P3,1,SALE,2.5,2.5
TXN-000945,CART-DA90BB10,2026-07-07T12:51:23,CLR-1029,P2,1,SALE,3.2,3.2
TXN-000947,CART-4488526D,2026-07-07T13:47:17,CLR-1029,P2,1,SALE,3.2,3.2
TXN-000932,CART-A5498D9A,2026-07-07T13:52:52,CLR-1029,P1,1,SALE,3.2,3.2
TXN-000946,CART-58E5DFA3,2026-07-07T14:02:19,CLR-1029,P2,1,SALE,3.2,3.2
TXN-000963,CART-0490E365,2026-07-07T14:29:53,CLR-1029,P8,1,ZERO,2.8,0.0
TXN-000941,CART-074296D1,2026-07-07T14:41:24,CLR-1029,P2,1,SALE,3.2,3.2
TXN-000960,CART-81881E4C,2026-07-07T14:59:04,CLR-1029,P6,1,ZERO,4.5,0.0
TXN-000936,CART-4324299B,2026-07-07T15:49:01,CLR-1029,P2,1,SALE,3.2,3.2
TXN-000944,CART-686D7016,2026-07-07T16:42:27,CLR-1029,P2,1,SALE,3.2,3.2
TXN-000953,CART-B04B8742,2026-07-07T16:52:29,CLR-1029,P3,1,SALE,2.5,2.5
TXN-000961,CART-5134A4C9,2026-07-07T17:22:16,CLR-1029,P6,1,ZERO,4.5,0.0
TXN-000942,CART-78D7652D,2026-07-07T17:37:41,CLR-1029,P2,1,SALE,3.2,3.2
TXN-000956,CART-BEAD81C1,2026-07-07T18:26:33,CLR-1029,P6,1,ZERO,4.5,0.0
TXN-000943,CART-720771A2,2026-07-07T18:34:23,CLR-1029,P2,1,SALE,3.2,3.2
TXN-000948,CART-FD6B1350,2026-07-07T18:50:01,CLR-1029,P3,1,SALE,2.5,2.5
TXN-000939,CART-6BCB3ED7,2026-07-07T19:43:48,CLR-1029,P2,1,SALE,3.2,3.2
TXN-000940,CART-5F9F19F9,2026-07-07T20:32:24,CLR-1029,P2,1,SALE,3.2,3.2
TXN-000954,CART-0F5F0836,2026-07-07T20:46:08,CLR-1029,P5,1,SALE,2.0,2.0
TXN-000981,CART-16FE9BF3,2026-07-08T08:00:09,CLR-1029,P5,1,SALE,2.0,2.0
TXN-000983,CART-623C1661,2026-07-08T08:02:54,CLR-1029,P6,1,ZERO,4.5,0.0
TXN-000977,CART-880A94DC,2026-07-08T08:31:13,CLR-1029,P3,1,SALE,2.5,2.5
TXN-000984,CART-6429FF93,2026-07-08T10:08:25,CLR-1029,P7,1,SALE,6.0,6.0
TXN-000980,CART-667C73D8,2026-07-08T10:21:57,CLR-1029,P5,1,ZERO,2.0,0.0
TXN-000968,CART-141D4F36,2026-07-08T10:43:19,CLR-1029,P2,1,SALE,3.2,3.2
TXN-000988,CART-3AC0E7EE,2026-07-08T11:57:14,CLR-1029,P8,1,SALE,2.8,2.8
TXN-000987,CART-BC3B6922,2026-07-08T12:53:01,CLR-1029,P8,1,SALE,2.8,2.8
TXN-000978,CART-453DBF3B,2026-07-08T13:11:26,CLR-1029,P5,1,SALE,2.0,2.0
TXN-000986,CART-9F694E9B,2026-07-08T13:25:28,CLR-1029,P8,1,SALE,2.8,2.8
TXN-000969,CART-1A7DA4C4,2026-07-08T14:09:01,CLR-1029,P2,1,SALE,3.2,3.2
TXN-000970,CART-69B93462,2026-07-08T14:10:11,CLR-1029,P2,1,SALE,3.2,3.2
TXN-000965,CART-4E2D8B59,2026-07-08T14:29:43,CLR-1029,P1,1,SALE,3.2,3.2
TXN-000975,CART-CA201DA7,2026-07-08T14:32:49,CLR-1029,P3,1,SALE,2.5,2.5
TXN-000985,CART-BD45D7E8,2026-07-08T15:13:46,CLR-1029,P8,1,SALE,2.8,2.8
TXN-000972,CART-1F3EFDEC,2026-07-08T15:14:07,CLR-1029,P2,1,SALE,3.2,3.2
TXN-000967,CART-B134AAEF,2026-07-08T16:16:06,CLR-1029,P2,1,SALE,3.2,3.2
TXN-000974,CART-6E43557A,2026-07-08T16:28:51,CLR-1029,P2,1,SALE,3.2,3.2
TXN-000973,CART-DE5B6562,2026-07-08T16:55:36,CLR-1029,P2,1,SALE,3.2,3.2
TXN-000979,CART-FF4A1248,2026-07-08T17:08:20,CLR-1029,P5,1,SALE,2.0,2.0
TXN-000976,CART-3DD61D8A,2026-07-08T17:37:39,CLR-1029,P3,1,SALE,2.5,2.5
TXN-000989,CART-0AC24826,2026-07-08T18:05:56,CLR-1029,P8,1,SALE,2.8,2.8
TXN-000982,CART-792056AF,2026-07-08T19:28:02,CLR-1029,P6,1,ZERO,4.5,0.0
TXN-000971,CART-74BAF670,2026-07-08T19:49:08,CLR-1029,P2,1,SALE,3.2,3.2
TXN-000966,CART-DBEC29DB,2026-07-08T20:31:22,CLR-1029,P2,1,SALE,3.2,3.2
TXN-000964,CART-42F98F32,2026-07-08T20:43:13,CLR-1029,P1,1,SALE,3.2,3.2
TXN-001022,CART-F1B9A37F,2026-07-09T08:22:00,CLR-1029,P6,1,ZERO,4.5,0.0
TXN-000996,CART-FA87CA8F,2026-07-09T09:02:04,CLR-1029,P2,1,SALE,3.2,3.2
TXN-000993,CART-D2B3AF7E,2026-07-09T09:31:01,CLR-1029,P2,1,SALE,3.2,3.2
TXN-001024,CART-342F545A,2026-07-09T09:47:57,CLR-1029,P6,1,ZERO,4.5,0.0
TXN-001021,CART-486F1EEF,2026-07-09T10:03:18,CLR-1029,P6,1,ZERO,4.5,0.0
TXN-001002,CART-D5522D8E,2026-07-09T11:30:55,CLR-1029,P2,1,SALE,3.2,3.2
TXN-001012,CART-AB7C6B01,2026-07-09T11:55:11,CLR-1029,P5,1,SALE,2.0,2.0
TXN-001016,CART-1874E0E4,2026-07-09T11:55:34,CLR-1029,P6,1,ZERO,4.5,0.0
TXN-001013,CART-A1F73E90,2026-07-09T12:19:50,CLR-1029,P5,1,SALE,2.0,2.0
TXN-001014,CART-24E0DC06,2026-07-09T12:21:16,CLR-1029,P5,1,SALE,2.0,2.0
TXN-001017,CART-23D83A3E,2026-07-09T12:42:04,CLR-1029,P6,1,ZERO,4.5,0.0
TXN-000992,CART-99296155,2026-07-09T12:50:05,CLR-1029,P1,1,SALE,3.2,3.2
TXN-001000,CART-47544725,2026-07-09T13:14:39,CLR-1029,P2,1,SALE,3.2,3.2
TXN-000990,CART-4F5937B6,2026-07-09T13:32:20,CLR-1029,P1,1,SALE,3.2,3.2
TXN-001001,CART-2B9E7D55,2026-07-09T13:43:27,CLR-1029,P2,1,SALE,3.2,3.2
TXN-000994,CART-A196B216,2026-07-09T13:48:16,CLR-1029,P2,1,SALE,3.2,3.2
TXN-001011,CART-C17CFC2E,2026-07-09T14:15:27,CLR-1029,P5,1,SALE,2.0,2.0
TXN-000998,CART-F922BB94,2026-07-09T14:16:18,CLR-1029,P2,1,SALE,3.2,3.2
TXN-001026,CART-AFD6CBE7,2026-07-09T14:43:44,CLR-1029,P8,1,SALE,2.8,2.8
TXN-000999,CART-39090E9F,2026-07-09T15:28:14,CLR-1029,P2,1,SALE,3.2,3.2
TXN-001009,CART-1BF721CB,2026-07-09T15:36:46,CLR-1029,P5,1,SALE,2.0,2.0
TXN-001006,CART-8A403324,2026-07-09T16:11:39,CLR-1029,P2,1,SALE,3.2,3.2
TXN-000991,CART-690DC628,2026-07-09T16:19:57,CLR-1029,P1,1,SALE,3.2,3.2
TXN-001023,CART-3AB981CE,2026-07-09T16:35:45,CLR-1029,P6,1,ZERO,4.5,0.0
TXN-001007,CART-7C6E0E9F,2026-07-09T16:42:22,CLR-1029,P3,1,SALE,2.5,2.5
TXN-000997,CART-5F5432D2,2026-07-09T16:49:08,CLR-1029,P2,1,SALE,3.2,3.2
TXN-001004,CART-CCF27DF7,2026-07-09T17:54:00,CLR-1029,P2,1,SALE,3.2,3.2
TXN-001018,CART-27C7BE64,2026-07-09T18:20:31,CLR-1029,P6,1,ZERO,4.5,0.0
TXN-001019,CART-8F28F9E6,2026-07-09T18:51:54,CLR-1029,P6,1,ZERO,4.5,0.0
TXN-001015,CART-DA7B9959,2026-07-09T18:56:41,CLR-1029,P6,1,ZERO,4.5,0.0
TXN-000995,CART-52239904,2026-07-09T18:59:41,CLR-1029,P2,1,SALE,3.2,3.2
TXN-001003,CART-4966C116,2026-07-09T19:02:20,CLR-1029,P2,1,SALE,3.2,3.2
TXN-001005,CART-856C3E23,2026-07-09T19:02:27,CLR-1029,P2,1,SALE,3.2,3.2
TXN-001008,CART-27E499A6,2026-07-09T19:10:06,CLR-1029,P5,1,SALE,2.0,2.0
TXN-001020,CART-FD4335FB,2026-07-09T19:28:25,CLR-1029,P6,1,ZERO,4.5,0.0
TXN-001025,CART-001010AA,2026-07-09T20:17:26,CLR-1029,P7,1,SALE,6.0,6.0
TXN-001010,CART-604B1647,2026-07-09T20:40:01,CLR-1029,P5,1,SALE,2.0,2.0
TXN-001028,CART-ED45D561,2026-07-10T08:05:50,CLR-1029,P2,1,SALE,3.2,3.2
TXN-001034,CART-870CF17D,2026-07-10T09:21:54,CLR-1029,P2,1,SALE,3.2,3.2
TXN-001044,CART-2C67D9B8,2026-07-10T09:45:43,CLR-1029,P6,1,ZERO,4.5,0.0
TXN-001027,CART-5E5F3F7C,2026-07-10T09:57:40,CLR-1029,P1,1,SALE,3.2,3.2
TXN-001043,CART-CC9861BC,2026-07-10T12:18:40,CLR-1029,P6,1,ZERO,4.5,0.0
TXN-001042,CART-13F115CC,2026-07-10T12:40:22,CLR-1029,P6,1,ZERO,4.5,0.0
TXN-001038,CART-87C32708,2026-07-10T12:42:38,CLR-1029,P3,1,SALE,2.5,2.5
TXN-001046,CART-F184798C,2026-07-10T12:50:47,CLR-1029,P6,1,ZERO,4.5,0.0
TXN-001033,CART-026424D4,2026-07-10T13:10:37,CLR-1029,P2,1,SALE,3.2,3.2
TXN-001045,CART-89851F9E,2026-07-10T13:52:40,CLR-1029,P6,1,ZERO,4.5,0.0
TXN-001037,CART-A64772DD,2026-07-10T14:07:26,CLR-1029,P3,1,SALE,2.5,2.5
TXN-001029,CART-9E18C242,2026-07-10T15:27:23,CLR-1029,P2,1,SALE,3.2,3.2
TXN-001048,CART-1766416A,2026-07-10T16:17:03,CLR-1029,P8,1,SALE,2.8,2.8
TXN-001039,CART-393BAA34,2026-07-10T16:38:10,CLR-1029,P5,1,SALE,2.0,2.0
TXN-001041,CART-14522768,2026-07-10T16:53:10,CLR-1029,P6,1,ZERO,4.5,0.0
TXN-001047,CART-08D06707,2026-07-10T17:26:21,CLR-1029,P8,1,ZERO,2.8,0.0
TXN-001032,CART-85D93389,2026-07-10T17:32:46,CLR-1029,P2,1,SALE,3.2,3.2
TXN-001036,CART-97910B61,2026-07-10T17:48:44,CLR-1029,P3,1,SALE,2.5,2.5
TXN-001031,CART-3D43B50B,2026-07-10T17:58:41,CLR-1029,P2,1,SALE,3.2,3.2
TXN-001035,CART-2D1F1181,2026-07-10T18:33:21,CLR-1029,P3,1,SALE,2.5,2.5
TXN-001040,CART-B57B81EC,2026-07-10T19:33:25,CLR-1029,P6,1,ZERO,4.5,0.0
TXN-001030,CART-B798E542,2026-07-10T20:32:42,CLR-1029,P2,1,SALE,3.2,3.2
TXN-001054,CART-0E644BD8,2026-07-11T08:06:19,CLR-1029,P2,1,SALE,3.2,3.2
TXN-001083,CART-53962E04,2026-07-11T08:15:54,CLR-1029,P6,1,ZERO,4.5,0.0
TXN-001072,CART-97D8FB19,2026-07-11T08:50:34,CLR-1029,P2,1,SALE,3.2,3.2
TXN-001087,CART-DE96E0E5,2026-07-11T08:53:25,CLR-1029,P6,1,ZERO,4.5,0.0
TXN-001057,CART-5C5E56EA,2026-07-11T09:07:12,CLR-1029,P2,1,SALE,3.2,3.2
TXN-001080,CART-50FDA67A,2026-07-11T09:36:12,CLR-1029,P6,1,ZERO,4.5,0.0
TXN-001071,CART-AE2906C6,2026-07-11T10:04:43,CLR-1029,P2,1,SALE,3.2,3.2
TXN-001089,CART-5487D05E,2026-07-11T10:19:14,CLR-1029,P8,1,SALE,2.8,2.8
TXN-001090,CART-A7F27C71,2026-07-11T10:30:30,CLR-1029,P8,1,SALE,2.8,2.8
TXN-001088,CART-1158CF55,2026-07-11T10:35:00,CLR-1029,P8,1,SALE,2.8,2.8
TXN-001081,CART-B842AD5D,2026-07-11T10:39:28,CLR-1029,P6,1,ZERO,4.5,0.0
TXN-001061,CART-56C210AF,2026-07-11T10:40:11,CLR-1029,P2,1,SALE,3.2,3.2
TXN-001078,CART-E554DDFD,2026-07-11T11:01:32,CLR-1029,P5,1,ZERO,2.0,0.0
TXN-001052,CART-B973F775,2026-07-11T11:10:58,CLR-1029,P2,1,SALE,3.2,3.2
TXN-001082,CART-DECA5817,2026-07-11T11:20:32,CLR-1029,P6,1,ZERO,4.5,0.0
TXN-001049,CART-36DDF62C,2026-07-11T11:29:01,CLR-1029,P1,1,SALE,3.2,3.2
TXN-001077,CART-76285EBD,2026-07-11T11:45:23,CLR-1029,P5,1,SALE,2.0,2.0
TXN-001051,CART-E0BA57A3,2026-07-11T12:53:49,CLR-1029,P1,1,SALE,3.2,3.2
TXN-001060,CART-E4653514,2026-07-11T12:54:18,CLR-1029,P2,1,SALE,3.2,3.2
TXN-001074,CART-5F77397F,2026-07-11T13:09:40,CLR-1029,P3,1,SALE,2.5,2.5
TXN-001075,CART-22D892BF,2026-07-11T13:10:49,CLR-1029,P3,1,SALE,2.5,2.5
TXN-001069,CART-78FA7E0D,2026-07-11T13:12:51,CLR-1029,P2,1,SALE,3.2,3.2
TXN-001056,CART-8FAD4F57,2026-07-11T13:43:39,CLR-1029,P2,1,SALE,3.2,3.2
TXN-001065,CART-61B9FD46,2026-07-11T14:00:21,CLR-1029,P2,1,SALE,3.2,3.2
TXN-001064,CART-976EF5BC,2026-07-11T14:40:22,CLR-1029,P2,1,SALE,3.2,3.2
TXN-001053,CART-A999B7C4,2026-07-11T14:43:20,CLR-1029,P2,1,SALE,3.2,3.2
TXN-001059,CART-6F51FBFF,2026-07-11T15:48:49,CLR-1029,P2,1,SALE,3.2,3.2
TXN-001068,CART-8947F9B7,2026-07-11T15:56:15,CLR-1029,P2,1,SALE,3.2,3.2
TXN-001058,CART-29715EA3,2026-07-11T16:23:01,CLR-1029,P2,1,SALE,3.2,3.2
TXN-001079,CART-257FB8A1,2026-07-11T16:32:24,CLR-1029,P5,1,SALE,2.0,2.0
TXN-001085,CART-FEE1F5CB,2026-07-11T17:17:54,CLR-1029,P6,1,ZERO,4.5,0.0
TXN-001084,CART-A90771BF,2026-07-11T17:25:38,CLR-1029,P6,1,ZERO,4.5,0.0
TXN-001050,CART-01239602,2026-07-11T17:26:32,CLR-1029,P1,1,ZERO,3.2,0.0
TXN-001063,CART-742D739B,2026-07-11T17:35:38,CLR-1029,P2,1,SALE,3.2,3.2
TXN-001066,CART-9C85E384,2026-07-11T18:19:02,CLR-1029,P2,1,SALE,3.2,3.2
TXN-001086,CART-17B0088F,2026-07-11T18:19:03,CLR-1029,P6,1,ZERO,4.5,0.0
TXN-001073,CART-5B01BA35,2026-07-11T19:10:14,CLR-1029,P3,1,SALE,2.5,2.5
TXN-001070,CART-9D98B87C,2026-07-11T19:12:13,CLR-1029,P2,1,SALE,3.2,3.2
TXN-001076,CART-D8FC3C7C,2026-07-11T19:38:05,CLR-1029,P3,1,SALE,2.5,2.5
TXN-001062,CART-0006C5A9,2026-07-11T19:53:30,CLR-1029,P2,1,SALE,3.2,3.2
TXN-001055,CART-F2796AD2,2026-07-11T20:05:04,CLR-1029,P2,1,SALE,3.2,3.2
TXN-001067,CART-6BADBA10,2026-07-11T20:09:02,CLR-1029,P2,1,SALE,3.2,3.2
TXN-001125,CART-9393CE9F,2026-07-12T08:17:12,CLR-1029,P6,1,ZERO,4.5,0.0
TXN-001119,CART-06E1DD5D,2026-07-12T09:05:44,CLR-1029,P6,1,ZERO,4.5,0.0
TXN-001105,CART-FBA1E4D7,2026-07-12T09:40:57,CLR-1029,P2,1,SALE,3.2,3.2
TXN-001096,CART-80215E2B,2026-07-12T10:00:23,CLR-1029,P2,1,SALE,3.2,3.2
TXN-001114,CART-5252B9B1,2026-07-12T10:07:07,CLR-1029,P6,1,ZERO,4.5,0.0
TXN-001098,CART-35574DF1,2026-07-12T10:40:21,CLR-1029,P2,1,SALE,3.2,3.2
TXN-001110,CART-9E9CA3D1,2026-07-12T11:20:56,CLR-1029,P3,1,SALE,2.5,2.5
TXN-001099,CART-06AA60C1,2026-07-12T11:36:29,CLR-1029,P2,1,SALE,3.2,3.2
TXN-001113,CART-63E5789D,2026-07-12T11:40:17,CLR-1029,P6,1,ZERO,4.5,0.0
TXN-001123,CART-C4D1254F,2026-07-12T11:54:34,CLR-1029,P6,1,ZERO,4.5,0.0
TXN-001095,CART-F2353A2F,2026-07-12T12:48:01,CLR-1029,P2,1,SALE,3.2,3.2
TXN-001091,CART-BCAA4FB5,2026-07-12T13:07:16,CLR-1029,P1,1,SALE,3.2,3.2
TXN-001109,CART-95049871,2026-07-12T13:37:41,CLR-1029,P3,1,SALE,2.5,2.5
TXN-001122,CART-BB903776,2026-07-12T14:10:50,CLR-1029,P6,1,ZERO,4.5,0.0
TXN-001112,CART-CB48C47B,2026-07-12T14:21:34,CLR-1029,P5,1,SALE,2.0,2.0
TXN-001120,CART-257858E8,2026-07-12T15:02:26,CLR-1029,P6,1,ZERO,4.5,0.0
TXN-001102,CART-7E305382,2026-07-12T15:24:52,CLR-1029,P2,1,SALE,3.2,3.2
TXN-001121,CART-3EC60DCC,2026-07-12T16:38:24,CLR-1029,P6,1,ZERO,4.5,0.0
TXN-001104,CART-7BF35211,2026-07-12T16:41:34,CLR-1029,P2,1,SALE,3.2,3.2
TXN-001092,CART-7A83C8F0,2026-07-12T16:48:02,CLR-1029,P2,1,SALE,3.2,3.2
TXN-001093,CART-36DD24F3,2026-07-12T16:50:16,CLR-1029,P2,1,SALE,3.2,3.2
TXN-001126,CART-35EC62BB,2026-07-12T17:07:51,CLR-1029,P7,1,SALE,6.0,6.0
TXN-001100,CART-8EE45D89,2026-07-12T18:09:39,CLR-1029,P2,1,SALE,3.2,3.2
TXN-001107,CART-571232DB,2026-07-12T18:24:30,CLR-1029,P2,1,SALE,3.2,3.2
TXN-001118,CART-25FAB9C0,2026-07-12T18:30:23,CLR-1029,P6,1,ZERO,4.5,0.0
TXN-001116,CART-77BE8B21,2026-07-12T18:33:51,CLR-1029,P6,1,ZERO,4.5,0.0
TXN-001111,CART-7935954F,2026-07-12T18:38:41,CLR-1029,P5,1,SALE,2.0,2.0
TXN-001127,CART-987005E1,2026-07-12T18:43:31,CLR-1029,P8,1,ZERO,2.8,0.0
TXN-001108,CART-1CC3B2A7,2026-07-12T19:10:48,CLR-1029,P3,1,SALE,2.5,2.5
TXN-001103,CART-EECF2DCA,2026-07-12T19:14:15,CLR-1029,P2,1,SALE,3.2,3.2
TXN-001097,CART-91ADA169,2026-07-12T19:40:35,CLR-1029,P2,1,SALE,3.2,3.2
TXN-001094,CART-532C35BD,2026-07-12T19:43:06,CLR-1029,P2,1,SALE,3.2,3.2
TXN-001115,CART-58FFA876,2026-07-12T20:38:14,CLR-1029,P6,1,ZERO,4.5,0.0
TXN-001101,CART-FBC2AE6A,2026-07-12T20:41:59,CLR-1029,P2,1,SALE,3.2,3.2
TXN-001117,CART-256EBC27,2026-07-12T20:42:51,CLR-1029,P6,1,ZERO,4.5,0.0
TXN-001124,CART-66FCD9FB,2026-07-12T20:47:21,CLR-1029,P6,1,ZERO,4.5,0.0
TXN-001106,CART-056752F1,2026-07-12T20:48:48,CLR-1029,P2,1,SALE,3.2,3.2
TXN-001142,CART-C6AAEDAA,2026-07-13T08:27:33,CLR-1029,P2,1,SALE,3.2,3.2
TXN-001149,CART-68E94B08,2026-07-13T08:34:02,CLR-1029,P6,1,ZERO,4.5,0.0
TXN-001134,CART-8D0FF824,2026-07-13T08:45:01,CLR-1029,P2,1,SALE,3.2,3.2
TXN-001146,CART-2ADF0D52,2026-07-13T09:03:43,CLR-1029,P6,1,ZERO,4.5,0.0
TXN-001153,CART-F2BC7777,2026-07-13T09:06:24,CLR-1029,P8,1,SALE,2.8,2.8
TXN-001133,CART-E7D9637C,2026-07-13T09:21:27,CLR-1029,P2,1,SALE,3.2,3.2
TXN-001129,CART-4271230C,2026-07-13T09:52:19,CLR-1029,P1,1,SALE,3.2,3.2
TXN-001143,CART-860286B6,2026-07-13T10:02:17,CLR-1029,P2,1,SALE,3.2,3.2
TXN-001135,CART-705BF1B1,2026-07-13T10:30:24,CLR-1029,P2,1,SALE,3.2,3.2
TXN-001128,CART-8563CD09,2026-07-13T11:03:53,CLR-1029,P1,1,SALE,3.2,3.2
TXN-001137,CART-0D9F1C15,2026-07-13T11:25:55,CLR-1029,P2,1,SALE,3.2,3.2
TXN-001131,CART-D6AEC4CD,2026-07-13T12:24:26,CLR-1029,P2,1,SALE,3.2,3.2
TXN-001141,CART-0336DEF5,2026-07-13T12:29:31,CLR-1029,P2,1,SALE,3.2,3.2
TXN-001148,CART-12A10AA0,2026-07-13T13:32:09,CLR-1029,P6,1,ZERO,4.5,0.0
TXN-001152,CART-8CA25D72,2026-07-13T13:57:03,CLR-1029,P7,1,SALE,6.0,6.0
TXN-001151,CART-394111E4,2026-07-13T14:28:34,CLR-1029,P6,1,ZERO,4.5,0.0
TXN-001150,CART-1FADE540,2026-07-13T14:50:01,CLR-1029,P6,1,SALE,4.5,4.5
TXN-001155,CART-C312FF33,2026-07-13T15:17:37,CLR-1029,P8,1,SALE,2.8,2.8
TXN-001144,CART-4407C6AC,2026-07-13T16:57:37,CLR-1029,P4,1,SALE,5.0,5.0
TXN-001140,CART-43F93F46,2026-07-13T17:30:02,CLR-1029,P2,1,SALE,3.2,3.2
TXN-001154,CART-40E0780E,2026-07-13T17:58:39,CLR-1029,P8,1,SALE,2.8,2.8
TXN-001139,CART-B0E170CF,2026-07-13T18:33:36,CLR-1029,P2,1,SALE,3.2,3.2
TXN-001138,CART-7A62FF77,2026-07-13T19:08:00,CLR-1029,P2,1,SALE,3.2,3.2
TXN-001136,CART-82896348,2026-07-13T19:38:42,CLR-1029,P2,1,SALE,3.2,3.2
TXN-001130,CART-5B627FEE,2026-07-13T19:39:19,CLR-1029,P1,1,SALE,3.2,3.2
TXN-001147,CART-167C5439,2026-07-13T19:51:56,CLR-1029,P6,1,ZERO,4.5,0.0
TXN-001132,CART-C34B626E,2026-07-13T19:57:28,CLR-1029,P2,1,SALE,3.2,3.2
TXN-001145,CART-1F2147F0,2026-07-13T20:01:20,CLR-1029,P5,1,SALE,2.0,2.0
TXN-001179,CART-273E2BA7,2026-07-14T09:07:19,CLR-1029,P6,1,ZERO,4.5,0.0
TXN-001183,CART-B155CF93,2026-07-14T09:13:14,CLR-1029,P8,1,SALE,2.8,2.8
TXN-001172,CART-B7A7D390,2026-07-14T09:34:37,CLR-1029,P5,1,SALE,2.0,2.0
TXN-001173,CART-BE9C3FE5,2026-07-14T09:34:46,CLR-1029,P6,1,ZERO,4.5,0.0
TXN-001164,CART-FA98AE43,2026-07-14T10:03:07,CLR-1029,P2,1,SALE,3.2,3.2
TXN-001161,CART-7934D374,2026-07-14T10:14:50,CLR-1029,P2,1,SALE,3.2,3.2
TXN-001171,CART-8BBC4384,2026-07-14T10:24:33,CLR-1029,P5,1,SALE,2.0,2.0
TXN-001157,CART-51154C17,2026-07-14T10:45:35,CLR-1029,P1,1,SALE,3.2,3.2
TXN-001170,CART-DF748F9E,2026-07-14T11:36:13,CLR-1029,P5,1,SALE,2.0,2.0
TXN-001181,CART-EFCE7DAB,2026-07-14T11:44:35,CLR-1029,P8,1,SALE,2.8,2.8
TXN-001163,CART-660ED86B,2026-07-14T12:02:33,CLR-1029,P2,1,SALE,3.2,3.2
TXN-001156,CART-9F65B365,2026-07-14T12:05:47,CLR-1029,P1,1,SALE,3.2,3.2
TXN-001167,CART-FDE0EF8A,2026-07-14T12:37:27,CLR-1029,P3,1,SALE,2.5,2.5
TXN-001175,CART-14816D44,2026-07-14T12:50:53,CLR-1029,P6,1,ZERO,4.5,0.0
TXN-001160,CART-4DA0ADA9,2026-07-14T14:08:35,CLR-1029,P2,1,SALE,3.2,3.2
TXN-001177,CART-A4B8B036,2026-07-14T14:19:22,CLR-1029,P6,1,ZERO,4.5,0.0
TXN-001166,CART-FB3767C1,2026-07-14T14:31:11,CLR-1029,P2,1,SALE,3.2,3.2
TXN-001178,CART-61341A27,2026-07-14T15:14:37,CLR-1029,P6,1,ZERO,4.5,0.0
TXN-001162,CART-BD70E303,2026-07-14T15:37:26,CLR-1029,P2,1,SALE,3.2,3.2
TXN-001159,CART-5123D30A,2026-07-14T15:57:25,CLR-1029,P2,1,SALE,3.2,3.2
TXN-001165,CART-8589B379,2026-07-14T15:59:38,CLR-1029,P2,1,SALE,3.2,3.2
TXN-001176,CART-7E47D807,2026-07-14T16:44:00,CLR-1029,P6,1,ZERO,4.5,0.0
TXN-001158,CART-8E199B67,2026-07-14T16:56:44,CLR-1029,P2,1,SALE,3.2,3.2
TXN-001182,CART-CC691839,2026-07-14T17:13:03,CLR-1029,P8,1,ZERO,2.8,0.0
TXN-001169,CART-374E0DF4,2026-07-14T18:56:07,CLR-1029,P3,1,SALE,2.5,2.5
TXN-001174,CART-D797B480,2026-07-14T20:32:11,CLR-1029,P6,1,ZERO,4.5,0.0
TXN-001180,CART-2D884943,2026-07-14T20:36:47,CLR-1029,P7,1,SALE,6.0,6.0
TXN-001168,CART-39C0ED61,2026-07-14T20:58:58,CLR-1029,P3,1,SALE,2.5,2.5
TXN-001203,CART-17542AC4,2026-07-15T08:53:20,CLR-1029,P6,1,ZERO,4.5,0.0
TXN-001185,CART-075DF027,2026-07-15T09:31:43,CLR-1029,P1,1,SALE,3.2,3.2
TXN-001192,CART-6008F8FD,2026-07-15T09:53:07,CLR-1029,P2,1,SALE,3.2,3.2
TXN-001190,CART-62063B13,2026-07-15T11:02:17,CLR-1029,P2,1,SALE,3.2,3.2
TXN-001193,CART-78CC1351,2026-07-15T11:12:40,CLR-1029,P2,1,SALE,3.2,3.2
TXN-001184,CART-9FDB18D6,2026-07-15T11:25:14,CLR-1029,P1,1,SALE,3.2,3.2
TXN-001196,CART-813EC2EE,2026-07-15T11:30:45,CLR-1029,P2,1,SALE,3.2,3.2
TXN-001187,CART-7AD4B1F1,2026-07-15T13:00:16,CLR-1029,P2,1,SALE,3.2,3.2
TXN-001189,CART-38B58C25,2026-07-15T13:27:12,CLR-1029,P2,1,SALE,3.2,3.2
TXN-001188,CART-27B73C6A,2026-07-15T13:45:28,CLR-1029,P2,1,SALE,3.2,3.2
TXN-001201,CART-EB4B9E3A,2026-07-15T13:45:41,CLR-1029,P6,1,SALE,4.5,4.5
TXN-001198,CART-4BDFC197,2026-07-15T13:52:00,CLR-1029,P3,1,SALE,2.5,2.5
TXN-001194,CART-D1649267,2026-07-15T13:53:08,CLR-1029,P2,1,SALE,3.2,3.2
TXN-001199,CART-7F78B02C,2026-07-15T14:44:31,CLR-1029,P5,1,SALE,2.0,2.0
TXN-001206,CART-99503F58,2026-07-15T14:51:30,CLR-1029,P8,1,SALE,2.8,2.8
TXN-001204,CART-BAC10E48,2026-07-15T15:05:06,CLR-1029,P6,1,ZERO,4.5,0.0
TXN-001191,CART-851437C3,2026-07-15T16:10:50,CLR-1029,P2,1,SALE,3.2,3.2
TXN-001205,CART-6298BB25,2026-07-15T16:21:35,CLR-1029,P6,1,ZERO,4.5,0.0
TXN-001186,CART-1647B806,2026-07-15T17:50:19,CLR-1029,P1,1,SALE,3.2,3.2
TXN-001200,CART-1BA34975,2026-07-15T18:20:13,CLR-1029,P5,1,SALE,2.0,2.0
TXN-001202,CART-6EF79863,2026-07-15T19:49:42,CLR-1029,P6,1,ZERO,4.5,0.0
TXN-001197,CART-B9F02F51,2026-07-15T19:54:49,CLR-1029,P3,1,SALE,2.5,2.5
TXN-001195,CART-B8F750CE,2026-07-15T20:37:51,CLR-1029,P2,1,SALE,3.2,3.2
